id,firstname,lastname,email,email2,profession
100,Leona,Firmin,Leona.Firmin@yopmail.com,Leona.Firmin@gmail.com,worker
101,Candi,Standing,Candi.Standing@yopmail.com,Candi.Standing@gmail.com,worker
102,Lindie,Jehu,Lindie.Jehu@yopmail.com,Lindie.Jehu@gmail.com,police officer
103,Kate,Ogren,Kate.Ogren@yopmail.com,Kate.Ogren@gmail.com,police officer
104,Sidoney,Lenny,Sidoney.Lenny@yopmail.com,Sidoney.Lenny@gmail.com,doctor
105,Giustina,Wallis,Giustina.Wallis@yopmail.com,Giustina.Wallis@gmail.com,doctor
106,Di,Gwenore,Di.Gwenore@yopmail.com,Di.Gwenore@gmail.com,firefighter
107,Roslyn,Bow,Roslyn.Bow@yopmail.com,Roslyn.Bow@gmail.com,developer
108,Valli,Zaslow,Valli.Zaslow@yopmail.com,Valli.Zaslow@gmail.com,police officer
109,Maud,Meli,Maud.Meli@yopmail.com,Maud.Meli@gmail.com,police officer
110,Konstance,Kelula,Konstance.Kelula@yopmail.com,Konstance.Kelula@gmail.com,firefighter
111,Dania,Catie,Dania.Catie@yopmail.com,Dania.Catie@gmail.com,developer
112,Maryellen,O'Rourke,Maryellen.O'Rourke@yopmail.com,Maryellen.O'Rourke@gmail.com,developer
113,Sophia,Ajay,Sophia.Ajay@yopmail.com,Sophia.Ajay@gmail.com,firefighter
114,Michaelina,Cleavland,Michaelina.Cleavland@yopmail.com,Michaelina.Cleavland@gmail.com,worker
115,Oralee,Philoo,Oralee.Philoo@yopmail.com,Oralee.Philoo@gmail.com,firefighter
116,Estell,Duwalt,Estell.Duwalt@yopmail.com,Estell.Duwalt@gmail.com,firefighter
117,Nessie,Hourigan,Nessie.Hourigan@yopmail.com,Nessie.Hourigan@gmail.com,firefighter
118,Nickie,Byrne,Nickie.Byrne@yopmail.com,Nickie.Byrne@gmail.com,firefighter
119,Gwyneth,Tomasina,Gwyneth.Tomasina@yopmail.com,Gwyneth.Tomasina@gmail.com,developer
120,Kara-Lynn,Harned,Kara-Lynn.Harned@yopmail.com,Kara-Lynn.Harned@gmail.com,firefighter
121,Quintina,Marden,Quintina.Marden@yopmail.com,Quintina.Marden@gmail.com,developer
122,Eugine,Kesley,Eugine.Kesley@yopmail.com,Eugine.Kesley@gmail.com,worker
123,Di,Zenas,Di.Zenas@yopmail.com,Di.Zenas@gmail.com,doctor
124,Brietta,Guildroy,Brietta.Guildroy@yopmail.com,Brietta.Guildroy@gmail.com,worker
125,Betta,Zuzana,Betta.Zuzana@yopmail.com,Betta.Zuzana@gmail.com,firefighter
126,Ermengarde,Kunin,Ermengarde.Kunin@yopmail.com,Ermengarde.Kunin@gmail.com,firefighter
127,Rivalee,Lipson,Rivalee.Lipson@yopmail.com,Rivalee.Lipson@gmail.com,worker
128,Quintina,Tengdin,Quintina.Tengdin@yopmail.com,Quintina.Tengdin@gmail.com,worker
129,Cathie,Tound,Cathie.Tound@yopmail.com,Cathie.Tound@gmail.com,worker
130,Linet,Gaynor,Linet.Gaynor@yopmail.com,Linet.Gaynor@gmail.com,firefighter
131,Zsa Zsa,Wyn,Zsa Zsa.Wyn@yopmail.com,Zsa Zsa.Wyn@gmail.com,police officer
132,Edyth,Mayeda,Edyth.Mayeda@yopmail.com,Edyth.Mayeda@gmail.com,doctor
133,Ana,Pattin,Ana.Pattin@yopmail.com,Ana.Pattin@gmail.com,worker
134,Gusella,Helfand,Gusella.Helfand@yopmail.com,Gusella.Helfand@gmail.com,police officer
135,Gusty,Anselmi,Gusty.Anselmi@yopmail.com,Gusty.Anselmi@gmail.com,firefighter
136,Selma,Quinn,Selma.Quinn@yopmail.com,Selma.Quinn@gmail.com,developer
137,Joeann,Phaidra,Joeann.Phaidra@yopmail.com,Joeann.Phaidra@gmail.com,firefighter
138,Gilligan,Neva,Gilligan.Neva@yopmail.com,Gilligan.Neva@gmail.com,worker
139,Ekaterina,Orelee,Ekaterina.Orelee@yopmail.com,Ekaterina.Orelee@gmail.com,worker
140,Emma,Thomasina,Emma.Thomasina@yopmail.com,Emma.Thomasina@gmail.com,worker
141,Clementine,Bohlin,Clementine.Bohlin@yopmail.com,Clementine.Bohlin@gmail.com,worker
142,Mady,Harl,Mady.Harl@yopmail.com,Mady.Harl@gmail.com,police officer
143,Gui,Tound,Gui.Tound@yopmail.com,Gui.Tound@gmail.com,worker
144,Estell,Colleen,Estell.Colleen@yopmail.com,Estell.Colleen@gmail.com,firefighter
145,Candi,Sabella,Candi.Sabella@yopmail.com,Candi.Sabella@gmail.com,developer
146,Iseabal,Zeeba,Iseabal.Zeeba@yopmail.com,Iseabal.Zeeba@gmail.com,police officer
147,Hildegaard,Pandolfi,Hildegaard.Pandolfi@yopmail.com,Hildegaard.Pandolfi@gmail.com,firefighter
148,Dolli,Doig,Dolli.Doig@yopmail.com,Dolli.Doig@gmail.com,doctor
149,Amii,Desai,Amii.Desai@yopmail.com,Amii.Desai@gmail.com,doctor
150,Catrina,Blake,Catrina.Blake@yopmail.com,Catrina.Blake@gmail.com,worker
151,Romona,Dom,Romona.Dom@yopmail.com,Romona.Dom@gmail.com,worker
152,Blake,Kare,Blake.Kare@yopmail.com,Blake.Kare@gmail.com,developer
153,Riannon,Raychel,Riannon.Raychel@yopmail.com,Riannon.Raychel@gmail.com,police officer
154,Mellicent,Aldric,Mellicent.Aldric@yopmail.com,Mellicent.Aldric@gmail.com,doctor
155,Evaleen,Masao,Evaleen.Masao@yopmail.com,Evaleen.Masao@gmail.com,firefighter
156,Kary,Wadell,Kary.Wadell@yopmail.com,Kary.Wadell@gmail.com,worker
157,Shauna,Seessel,Shauna.Seessel@yopmail.com,Shauna.Seessel@gmail.com,police officer
158,Phedra,Westphal,Phedra.Westphal@yopmail.com,Phedra.Westphal@gmail.com,worker
159,Merci,Federica,Merci.Federica@yopmail.com,Merci.Federica@gmail.com,worker
160,Cherilyn,Roche,Cherilyn.Roche@yopmail.com,Cherilyn.Roche@gmail.com,developer
161,Lanae,Jotham,Lanae.Jotham@yopmail.com,Lanae.Jotham@gmail.com,police officer
162,Petronia,Evangelia,Petronia.Evangelia@yopmail.com,Petronia.Evangelia@gmail.com,firefighter
163,Jolyn,Taima,Jolyn.Taima@yopmail.com,Jolyn.Taima@gmail.com,police officer
164,Cyb,Erlandson,Cyb.Erlandson@yopmail.com,Cyb.Erlandson@gmail.com,worker
165,Maud,Daegal,Maud.Daegal@yopmail.com,Maud.Daegal@gmail.com,worker
166,Candy,Fiann,Candy.Fiann@yopmail.com,Candy.Fiann@gmail.com,doctor
167,Peri,Levey,Peri.Levey@yopmail.com,Peri.Levey@gmail.com,police officer
168,Celestyna,Bluh,Celestyna.Bluh@yopmail.com,Celestyna.Bluh@gmail.com,doctor
169,Alia,Astra,Alia.Astra@yopmail.com,Alia.Astra@gmail.com,firefighter
170,Lila,Fry,Lila.Fry@yopmail.com,Lila.Fry@gmail.com,police officer
171,Orsola,Garrison,Orsola.Garrison@yopmail.com,Orsola.Garrison@gmail.com,doctor
172,Chere,Carmena,Chere.Carmena@yopmail.com,Chere.Carmena@gmail.com,worker
173,Hannis,Raimondo,Hannis.Raimondo@yopmail.com,Hannis.Raimondo@gmail.com,police officer
174,Olivette,Grayce,Olivette.Grayce@yopmail.com,Olivette.Grayce@gmail.com,developer
175,Carilyn,Harl,Carilyn.Harl@yopmail.com,Carilyn.Harl@gmail.com,worker
176,Adele,Gamaliel,Adele.Gamaliel@yopmail.com,Adele.Gamaliel@gmail.com,doctor
177,Tilly,Kenney,Tilly.Kenney@yopmail.com,Tilly.Kenney@gmail.com,developer
178,Annabela,Bakerman,Annabela.Bakerman@yopmail.com,Annabela.Bakerman@gmail.com,developer
179,Karolina,Sasnett,Karolina.Sasnett@yopmail.com,Karolina.Sasnett@gmail.com,doctor
180,Darlleen,Melony,Darlleen.Melony@yopmail.com,Darlleen.Melony@gmail.com,developer
181,Sarette,Dreda,Sarette.Dreda@yopmail.com,Sarette.Dreda@gmail.com,doctor
182,Jan,Alisia,Jan.Alisia@yopmail.com,Jan.Alisia@gmail.com,doctor
183,Kamilah,Marisa,Kamilah.Marisa@yopmail.com,Kamilah.Marisa@gmail.com,police officer
184,Feliza,Douglass,Feliza.Douglass@yopmail.com,Feliza.Douglass@gmail.com,police officer
185,Neila,Garlinda,Neila.Garlinda@yopmail.com,Neila.Garlinda@gmail.com,worker
186,Dari,Terrence,Dari.Terrence@yopmail.com,Dari.Terrence@gmail.com,police officer
187,Willetta,Gaynor,Willetta.Gaynor@yopmail.com,Willetta.Gaynor@gmail.com,developer
188,Julieta,Elephus,Julieta.Elephus@yopmail.com,Julieta.Elephus@gmail.com,worker
189,Phedra,Penelopa,Phedra.Penelopa@yopmail.com,Phedra.Penelopa@gmail.com,developer
190,Christy,Prouty,Christy.Prouty@yopmail.com,Christy.Prouty@gmail.com,firefighter
191,Kristan,Kauppi,Kristan.Kauppi@yopmail.com,Kristan.Kauppi@gmail.com,developer
192,Stephanie,Nore,Stephanie.Nore@yopmail.com,Stephanie.Nore@gmail.com,police officer
193,Paola,Bakerman,Paola.Bakerman@yopmail.com,Paola.Bakerman@gmail.com,developer
194,Lindie,Ariella,Lindie.Ariella@yopmail.com,Lindie.Ariella@gmail.com,worker
195,Raina,Ietta,Raina.Ietta@yopmail.com,Raina.Ietta@gmail.com,doctor
196,Tracey,Barney,Tracey.Barney@yopmail.com,Tracey.Barney@gmail.com,developer
197,Lisette,Tound,Lisette.Tound@yopmail.com,Lisette.Tound@gmail.com,police officer
198,Lusa,Cynar,Lusa.Cynar@yopmail.com,Lusa.Cynar@gmail.com,developer
199,Quintina,Colbert,Quintina.Colbert@yopmail.com,Quintina.Colbert@gmail.com,developer
200,Pearline,Mitzi,Pearline.Mitzi@yopmail.com,Pearline.Mitzi@gmail.com,firefighter
201,Netty,Francene,Netty.Francene@yopmail.com,Netty.Francene@gmail.com,doctor
202,Carolina,Naashom,Carolina.Naashom@yopmail.com,Carolina.Naashom@gmail.com,police officer
203,Binny,Ietta,Binny.Ietta@yopmail.com,Binny.Ietta@gmail.com,firefighter
204,Nataline,Margret,Nataline.Margret@yopmail.com,Nataline.Margret@gmail.com,firefighter
205,Rosabelle,Magnolia,Rosabelle.Magnolia@yopmail.com,Rosabelle.Magnolia@gmail.com,worker
206,Chandra,Niles,Chandra.Niles@yopmail.com,Chandra.Niles@gmail.com,worker
207,Christian,Jotham,Christian.Jotham@yopmail.com,Christian.Jotham@gmail.com,worker
208,Neila,Kolnick,Neila.Kolnick@yopmail.com,Neila.Kolnick@gmail.com,firefighter
209,Kayla,Chinua,Kayla.Chinua@yopmail.com,Kayla.Chinua@gmail.com,developer
210,Kenna,Marisa,Kenna.Marisa@yopmail.com,Kenna.Marisa@gmail.com,developer
211,Madelle,Melan,Madelle.Melan@yopmail.com,Madelle.Melan@gmail.com,developer
212,Carolina,Pond,Carolina.Pond@yopmail.com,Carolina.Pond@gmail.com,firefighter
213,Dianemarie,Tybald,Dianemarie.Tybald@yopmail.com,Dianemarie.Tybald@gmail.com,police officer
214,Hollie,Newell,Hollie.Newell@yopmail.com,Hollie.Newell@gmail.com,doctor
215,Odessa,Hunfredo,Odessa.Hunfredo@yopmail.com,Odessa.Hunfredo@gmail.com,police officer
216,Dania,Arley,Dania.Arley@yopmail.com,Dania.Arley@gmail.com,doctor
217,Wendi,Argus,Wendi.Argus@yopmail.com,Wendi.Argus@gmail.com,worker
218,Krystle,Burch,Krystle.Burch@yopmail.com,Krystle.Burch@gmail.com,developer
219,Annora,Claudine,Annora.Claudine@yopmail.com,Annora.Claudine@gmail.com,worker
220,Chastity,Verger,Chastity.Verger@yopmail.com,Chastity.Verger@gmail.com,developer
221,Janey,Loring,Janey.Loring@yopmail.com,Janey.Loring@gmail.com,police officer
222,Joceline,Joseph,Joceline.Joseph@yopmail.com,Joceline.Joseph@gmail.com,doctor
223,Lorenza,Eugenia,Lorenza.Eugenia@yopmail.com,Lorenza.Eugenia@gmail.com,firefighter
224,Raf,Vacuva,Raf.Vacuva@yopmail.com,Raf.Vacuva@gmail.com,firefighter
225,Deloria,Lindemann,Deloria.Lindemann@yopmail.com,Deloria.Lindemann@gmail.com,developer
226,Marylou,Maroney,Marylou.Maroney@yopmail.com,Marylou.Maroney@gmail.com,firefighter
227,Doro,Peg,Doro.Peg@yopmail.com,Doro.Peg@gmail.com,developer
228,Cassondra,Alwin,Cassondra.Alwin@yopmail.com,Cassondra.Alwin@gmail.com,developer
229,Kamilah,Bendick,Kamilah.Bendick@yopmail.com,Kamilah.Bendick@gmail.com,doctor
230,Chloris,Cleavland,Chloris.Cleavland@yopmail.com,Chloris.Cleavland@gmail.com,developer
231,Mamie,Anselmi,Mamie.Anselmi@yopmail.com,Mamie.Anselmi@gmail.com,police officer
232,Beatriz,Arley,Beatriz.Arley@yopmail.com,Beatriz.Arley@gmail.com,police officer
233,Vinita,Sancho,Vinita.Sancho@yopmail.com,Vinita.Sancho@gmail.com,firefighter
234,Mady,Berl,Mady.Berl@yopmail.com,Mady.Berl@gmail.com,worker
235,Evita,Arley,Evita.Arley@yopmail.com,Evita.Arley@gmail.com,firefighter
236,Belinda,Fredi,Belinda.Fredi@yopmail.com,Belinda.Fredi@gmail.com,firefighter
237,Gretal,Bury,Gretal.Bury@yopmail.com,Gretal.Bury@gmail.com,doctor
238,Rhea,Sprage,Rhea.Sprage@yopmail.com,Rhea.Sprage@gmail.com,doctor
239,Ekaterina,Egbert,Ekaterina.Egbert@yopmail.com,Ekaterina.Egbert@gmail.com,doctor
240,Florie,Natalia,Florie.Natalia@yopmail.com,Florie.Natalia@gmail.com,developer
241,Rubie,Bibi,Rubie.Bibi@yopmail.com,Rubie.Bibi@gmail.com,worker
242,Jacenta,Frendel,Jacenta.Frendel@yopmail.com,Jacenta.Frendel@gmail.com,developer
243,Jorry,Alejoa,Jorry.Alejoa@yopmail.com,Jorry.Alejoa@gmail.com,doctor
244,Bee,Ralfston,Bee.Ralfston@yopmail.com,Bee.Ralfston@gmail.com,worker
245,Clarice,Ashely,Clarice.Ashely@yopmail.com,Clarice.Ashely@gmail.com,doctor
246,Justinn,Sacken,Justinn.Sacken@yopmail.com,Justinn.Sacken@gmail.com,firefighter
247,Ermengarde,Aaberg,Ermengarde.Aaberg@yopmail.com,Ermengarde.Aaberg@gmail.com,firefighter
248,Nariko,Francyne,Nariko.Francyne@yopmail.com,Nariko.Francyne@gmail.com,firefighter
249,Codie,Suzetta,Codie.Suzetta@yopmail.com,Codie.Suzetta@gmail.com,worker
250,Darci,Dorcy,Darci.Dorcy@yopmail.com,Darci.Dorcy@gmail.com,police officer
251,Imojean,Strephon,Imojean.Strephon@yopmail.com,Imojean.Strephon@gmail.com,police officer
252,Sibella,Hubert,Sibella.Hubert@yopmail.com,Sibella.Hubert@gmail.com,worker
253,Joeann,Juan,Joeann.Juan@yopmail.com,Joeann.Juan@gmail.com,developer
254,Verla,Devlen,Verla.Devlen@yopmail.com,Verla.Devlen@gmail.com,firefighter
255,Belinda,Weide,Belinda.Weide@yopmail.com,Belinda.Weide@gmail.com,doctor
256,Cassandra,Emmy,Cassandra.Emmy@yopmail.com,Cassandra.Emmy@gmail.com,police officer
257,Esmeralda,Terencio,Esmeralda.Terencio@yopmail.com,Esmeralda.Terencio@gmail.com,worker
258,Iseabal,Muriel,Iseabal.Muriel@yopmail.com,Iseabal.Muriel@gmail.com,developer
259,Nicoli,Vins,Nicoli.Vins@yopmail.com,Nicoli.Vins@gmail.com,developer
260,Kassey,Taam,Kassey.Taam@yopmail.com,Kassey.Taam@gmail.com,developer
261,Vivia,Tryck,Vivia.Tryck@yopmail.com,Vivia.Tryck@gmail.com,doctor
262,Sheelagh,Mott,Sheelagh.Mott@yopmail.com,Sheelagh.Mott@gmail.com,developer
263,Alexine,Hathaway,Alexine.Hathaway@yopmail.com,Alexine.Hathaway@gmail.com,doctor
264,Juliane,Fax,Juliane.Fax@yopmail.com,Juliane.Fax@gmail.com,police officer
265,Raina,Quent,Raina.Quent@yopmail.com,Raina.Quent@gmail.com,doctor
266,Jere,Kannry,Jere.Kannry@yopmail.com,Jere.Kannry@gmail.com,firefighter
267,Eadie,Vilma,Eadie.Vilma@yopmail.com,Eadie.Vilma@gmail.com,doctor
268,Tierney,Longfellow,Tierney.Longfellow@yopmail.com,Tierney.Longfellow@gmail.com,police officer
269,Rosene,Colyer,Rosene.Colyer@yopmail.com,Rosene.Colyer@gmail.com,developer
270,Orelia,Japeth,Orelia.Japeth@yopmail.com,Orelia.Japeth@gmail.com,developer
271,Joleen,Kalinda,Joleen.Kalinda@yopmail.com,Joleen.Kalinda@gmail.com,developer
272,Kristan,Paine,Kristan.Paine@yopmail.com,Kristan.Paine@gmail.com,doctor
273,Flory,Garbe,Flory.Garbe@yopmail.com,Flory.Garbe@gmail.com,firefighter
274,Doro,Seligman,Doro.Seligman@yopmail.com,Doro.Seligman@gmail.com,worker
275,Kenna,Milson,Kenna.Milson@yopmail.com,Kenna.Milson@gmail.com,police officer
276,Lucille,Clarissa,Lucille.Clarissa@yopmail.com,Lucille.Clarissa@gmail.com,doctor
277,Kathi,Travax,Kathi.Travax@yopmail.com,Kathi.Travax@gmail.com,firefighter
278,Dennie,Jehu,Dennie.Jehu@yopmail.com,Dennie.Jehu@gmail.com,doctor
279,Shaylyn,Colbert,Shaylyn.Colbert@yopmail.com,Shaylyn.Colbert@gmail.com,doctor
280,Dania,Othilia,Dania.Othilia@yopmail.com,Dania.Othilia@gmail.com,doctor
281,Etta,Birdella,Etta.Birdella@yopmail.com,Etta.Birdella@gmail.com,firefighter
282,Fredericka,Mullane,Fredericka.Mullane@yopmail.com,Fredericka.Mullane@gmail.com,worker
283,Lusa,Weide,Lusa.Weide@yopmail.com,Lusa.Weide@gmail.com,worker
284,Sonni,Wenoa,Sonni.Wenoa@yopmail.com,Sonni.Wenoa@gmail.com,worker
285,Edyth,Elephus,Edyth.Elephus@yopmail.com,Edyth.Elephus@gmail.com,firefighter
286,Marcy,Gerge,Marcy.Gerge@yopmail.com,Marcy.Gerge@gmail.com,firefighter
287,Jacenta,Hoenack,Jacenta.Hoenack@yopmail.com,Jacenta.Hoenack@gmail.com,doctor
288,Ira,Joseph,Ira.Joseph@yopmail.com,Ira.Joseph@gmail.com,firefighter
289,Marika,Gregrory,Marika.Gregrory@yopmail.com,Marika.Gregrory@gmail.com,developer
290,Dulce,Daveta,Dulce.Daveta@yopmail.com,Dulce.Daveta@gmail.com,firefighter
291,Donetta,Gerge,Donetta.Gerge@yopmail.com,Donetta.Gerge@gmail.com,developer
292,Binny,Nicoline,Binny.Nicoline@yopmail.com,Binny.Nicoline@gmail.com,worker
293,Thalia,Wilona,Thalia.Wilona@yopmail.com,Thalia.Wilona@gmail.com,police officer
294,Renie,Francyne,Renie.Francyne@yopmail.com,Renie.Francyne@gmail.com,firefighter
295,Sean,Beebe,Sean.Beebe@yopmail.com,Sean.Beebe@gmail.com,firefighter
296,Ilse,Kiersten,Ilse.Kiersten@yopmail.com,Ilse.Kiersten@gmail.com,developer
297,Sidoney,Gale,Sidoney.Gale@yopmail.com,Sidoney.Gale@gmail.com,firefighter
298,Ekaterina,Alwin,Ekaterina.Alwin@yopmail.com,Ekaterina.Alwin@gmail.com,firefighter
299,Adore,Gaynor,Adore.Gaynor@yopmail.com,Adore.Gaynor@gmail.com,developer
300,Bill,Stuart,Bill.Stuart@yopmail.com,Bill.Stuart@gmail.com,firefighter
301,Therine,Campball,Therine.Campball@yopmail.com,Therine.Campball@gmail.com,firefighter
302,Olivette,Alva,Olivette.Alva@yopmail.com,Olivette.Alva@gmail.com,worker
303,Elfreda,Konyn,Elfreda.Konyn@yopmail.com,Elfreda.Konyn@gmail.com,firefighter
304,Valera,Urania,Valera.Urania@yopmail.com,Valera.Urania@gmail.com,doctor
305,Myrtice,Rudolph,Myrtice.Rudolph@yopmail.com,Myrtice.Rudolph@gmail.com,developer
306,Clo,Muriel,Clo.Muriel@yopmail.com,Clo.Muriel@gmail.com,police officer
307,Karlee,Gower,Karlee.Gower@yopmail.com,Karlee.Gower@gmail.com,doctor
308,Janeczka,Medrek,Janeczka.Medrek@yopmail.com,Janeczka.Medrek@gmail.com,worker
309,Atlanta,Phi,Atlanta.Phi@yopmail.com,Atlanta.Phi@gmail.com,firefighter
310,Carlie,Emmy,Carlie.Emmy@yopmail.com,Carlie.Emmy@gmail.com,worker
311,Blinni,Sprage,Blinni.Sprage@yopmail.com,Blinni.Sprage@gmail.com,developer
312,Carlie,Oster,Carlie.Oster@yopmail.com,Carlie.Oster@gmail.com,police officer
313,Sherrie,Timon,Sherrie.Timon@yopmail.com,Sherrie.Timon@gmail.com,firefighter
314,Tabbatha,Hermes,Tabbatha.Hermes@yopmail.com,Tabbatha.Hermes@gmail.com,police officer
315,Annice,Faria,Annice.Faria@yopmail.com,Annice.Faria@gmail.com,police officer
316,Leanna,Chesna,Leanna.Chesna@yopmail.com,Leanna.Chesna@gmail.com,doctor
317,Aurelie,Kenwood,Aurelie.Kenwood@yopmail.com,Aurelie.Kenwood@gmail.com,police officer
318,Ira,Ranjiv,Ira.Ranjiv@yopmail.com,Ira.Ranjiv@gmail.com,doctor
319,Fidelia,Read,Fidelia.Read@yopmail.com,Fidelia.Read@gmail.com,firefighter
320,Fawne,Liebermann,Fawne.Liebermann@yopmail.com,Fawne.Liebermann@gmail.com,doctor
321,Farrah,Lorenz,Farrah.Lorenz@yopmail.com,Farrah.Lorenz@gmail.com,worker
322,Gale,Avi,Gale.Avi@yopmail.com,Gale.Avi@gmail.com,doctor
323,Adriana,Haerr,Adriana.Haerr@yopmail.com,Adriana.Haerr@gmail.com,worker
324,Andree,Suzetta,Andree.Suzetta@yopmail.com,Andree.Suzetta@gmail.com,worker
325,Caryl,Santoro,Caryl.Santoro@yopmail.com,Caryl.Santoro@gmail.com,worker
326,Kalina,Yate,Kalina.Yate@yopmail.com,Kalina.Yate@gmail.com,firefighter
327,Bee,Sperling,Bee.Sperling@yopmail.com,Bee.Sperling@gmail.com,police officer
328,Nonnah,Pulsifer,Nonnah.Pulsifer@yopmail.com,Nonnah.Pulsifer@gmail.com,worker
329,Merle,Toni,Merle.Toni@yopmail.com,Merle.Toni@gmail.com,developer
330,Elora,Swanhildas,Elora.Swanhildas@yopmail.com,Elora.Swanhildas@gmail.com,firefighter
331,Regina,Valerio,Regina.Valerio@yopmail.com,Regina.Valerio@gmail.com,worker
332,Marline,Thad,Marline.Thad@yopmail.com,Marline.Thad@gmail.com,developer
333,Odessa,Havens,Odessa.Havens@yopmail.com,Odessa.Havens@gmail.com,firefighter
334,Lory,Merell,Lory.Merell@yopmail.com,Lory.Merell@gmail.com,police officer
335,Max,Wenoa,Max.Wenoa@yopmail.com,Max.Wenoa@gmail.com,developer
336,Loree,Elsinore,Loree.Elsinore@yopmail.com,Loree.Elsinore@gmail.com,doctor
337,Tilly,Wareing,Tilly.Wareing@yopmail.com,Tilly.Wareing@gmail.com,worker
338,Jean,Glovsky,Jean.Glovsky@yopmail.com,Jean.Glovsky@gmail.com,doctor
339,Marcy,Tyson,Marcy.Tyson@yopmail.com,Marcy.Tyson@gmail.com,developer
340,Damaris,Azeria,Damaris.Azeria@yopmail.com,Damaris.Azeria@gmail.com,doctor
341,Yvonne,Modie,Yvonne.Modie@yopmail.com,Yvonne.Modie@gmail.com,doctor
342,Flo,Talia,Flo.Talia@yopmail.com,Flo.Talia@gmail.com,police officer
343,Ida,Kiyoshi,Ida.Kiyoshi@yopmail.com,Ida.Kiyoshi@gmail.com,firefighter
344,Adore,Auberbach,Adore.Auberbach@yopmail.com,Adore.Auberbach@gmail.com,doctor
345,Vere,Socha,Vere.Socha@yopmail.com,Vere.Socha@gmail.com,worker
346,Mureil,Merell,Mureil.Merell@yopmail.com,Mureil.Merell@gmail.com,firefighter
347,Joleen,Sothena,Joleen.Sothena@yopmail.com,Joleen.Sothena@gmail.com,developer
348,Marsiella,Paine,Marsiella.Paine@yopmail.com,Marsiella.Paine@gmail.com,firefighter
349,Carol-Jean,Carey,Carol-Jean.Carey@yopmail.com,Carol-Jean.Carey@gmail.com,worker
350,Oralee,Peti,Oralee.Peti@yopmail.com,Oralee.Peti@gmail.com,doctor
351,Candy,Ajay,Candy.Ajay@yopmail.com,Candy.Ajay@gmail.com,doctor
352,Fawne,Janith,Fawne.Janith@yopmail.com,Fawne.Janith@gmail.com,developer
353,Mahalia,Si,Mahalia.Si@yopmail.com,Mahalia.Si@gmail.com,developer
354,Amara,Papageno,Amara.Papageno@yopmail.com,Amara.Papageno@gmail.com,developer
355,Bobinette,Vittoria,Bobinette.Vittoria@yopmail.com,Bobinette.Vittoria@gmail.com,doctor
356,Brena,Quinn,Brena.Quinn@yopmail.com,Brena.Quinn@gmail.com,doctor
357,Willetta,Federica,Willetta.Federica@yopmail.com,Willetta.Federica@gmail.com,firefighter
358,Leia,Jammal,Leia.Jammal@yopmail.com,Leia.Jammal@gmail.com,police officer
359,Lanae,Riordan,Lanae.Riordan@yopmail.com,Lanae.Riordan@gmail.com,police officer
360,June,Gale,June.Gale@yopmail.com,June.Gale@gmail.com,police officer
361,Catrina,Thunell,Catrina.Thunell@yopmail.com,Catrina.Thunell@gmail.com,firefighter
362,Caressa,Taam,Caressa.Taam@yopmail.com,Caressa.Taam@gmail.com,doctor
363,Lynde,Lilybelle,Lynde.Lilybelle@yopmail.com,Lynde.Lilybelle@gmail.com,developer
364,Aili,Franza,Aili.Franza@yopmail.com,Aili.Franza@gmail.com,developer
365,Clo,Clarissa,Clo.Clarissa@yopmail.com,Clo.Clarissa@gmail.com,firefighter
366,Verla,Thad,Verla.Thad@yopmail.com,Verla.Thad@gmail.com,worker
367,Ricky,Shaddock,Ricky.Shaddock@yopmail.com,Ricky.Shaddock@gmail.com,doctor
368,Nicoli,Trinetta,Nicoli.Trinetta@yopmail.com,Nicoli.Trinetta@gmail.com,police officer
369,Hermione,Pyle,Hermione.Pyle@yopmail.com,Hermione.Pyle@gmail.com,developer
370,Korrie,Lasley,Korrie.Lasley@yopmail.com,Korrie.Lasley@gmail.com,worker
371,Marcelline,Callista,Marcelline.Callista@yopmail.com,Marcelline.Callista@gmail.com,developer
372,Paulita,Levey,Paulita.Levey@yopmail.com,Paulita.Levey@gmail.com,worker
373,Eugine,Tound,Eugine.Tound@yopmail.com,Eugine.Tound@gmail.com,developer
374,Tiffie,Payson,Tiffie.Payson@yopmail.com,Tiffie.Payson@gmail.com,developer
375,Leontine,Cleavland,Leontine.Cleavland@yopmail.com,Leontine.Cleavland@gmail.com,firefighter
376,Eadie,Loring,Eadie.Loring@yopmail.com,Eadie.Loring@gmail.com,firefighter
377,Lorenza,Howlyn,Lorenza.Howlyn@yopmail.com,Lorenza.Howlyn@gmail.com,police officer
378,Rosanne,Hoenack,Rosanne.Hoenack@yopmail.com,Rosanne.Hoenack@gmail.com,police officer
379,Kamilah,Posner,Kamilah.Posner@yopmail.com,Kamilah.Posner@gmail.com,developer
380,Florencia,Allys,Florencia.Allys@yopmail.com,Florencia.Allys@gmail.com,developer
381,Wynne,Tayib,Wynne.Tayib@yopmail.com,Wynne.Tayib@gmail.com,worker
382,Marnia,Cutlerr,Marnia.Cutlerr@yopmail.com,Marnia.Cutlerr@gmail.com,worker
383,Gratia,Campball,Gratia.Campball@yopmail.com,Gratia.Campball@gmail.com,doctor
384,Winifred,Ax,Winifred.Ax@yopmail.com,Winifred.Ax@gmail.com,police officer
385,Bernardine,Loeb,Bernardine.Loeb@yopmail.com,Bernardine.Loeb@gmail.com,developer
386,Inga,Sothena,Inga.Sothena@yopmail.com,Inga.Sothena@gmail.com,doctor
387,Ileana,Bultman,Ileana.Bultman@yopmail.com,Ileana.Bultman@gmail.com,police officer
388,Max,Zola,Max.Zola@yopmail.com,Max.Zola@gmail.com,firefighter
389,Moyna,Winthorpe,Moyna.Winthorpe@yopmail.com,Moyna.Winthorpe@gmail.com,police officer
390,Liana,Kristi,Liana.Kristi@yopmail.com,Liana.Kristi@gmail.com,developer
391,Cindelyn,Haymes,Cindelyn.Haymes@yopmail.com,Cindelyn.Haymes@gmail.com,developer
392,Esmeralda,Kauppi,Esmeralda.Kauppi@yopmail.com,Esmeralda.Kauppi@gmail.com,developer
393,Sherrie,Erminia,Sherrie.Erminia@yopmail.com,Sherrie.Erminia@gmail.com,worker
394,Raf,Arquit,Raf.Arquit@yopmail.com,Raf.Arquit@gmail.com,doctor
395,Carly,Sinegold,Carly.Sinegold@yopmail.com,Carly.Sinegold@gmail.com,worker
396,Shaylyn,Eugenia,Shaylyn.Eugenia@yopmail.com,Shaylyn.Eugenia@gmail.com,police officer
397,Harmonia,McClimans,Harmonia.McClimans@yopmail.com,Harmonia.McClimans@gmail.com,firefighter
398,Kenna,Dorothy,Kenna.Dorothy@yopmail.com,Kenna.Dorothy@gmail.com,doctor
399,Marjie,Cecile,Marjie.Cecile@yopmail.com,Marjie.Cecile@gmail.com,worker
400,Roz,Sheedy,Roz.Sheedy@yopmail.com,Roz.Sheedy@gmail.com,worker
401,Christian,Goerke,Christian.Goerke@yopmail.com,Christian.Goerke@gmail.com,worker
402,Karlee,Keelia,Karlee.Keelia@yopmail.com,Karlee.Keelia@gmail.com,developer
403,Dorene,Burnside,Dorene.Burnside@yopmail.com,Dorene.Burnside@gmail.com,firefighter
404,Annice,Hailee,Annice.Hailee@yopmail.com,Annice.Hailee@gmail.com,worker
405,Aigneis,Klotz,Aigneis.Klotz@yopmail.com,Aigneis.Klotz@gmail.com,doctor
406,Emmey,Ries,Emmey.Ries@yopmail.com,Emmey.Ries@gmail.com,doctor
407,Joeann,Nicoline,Joeann.Nicoline@yopmail.com,Joeann.Nicoline@gmail.com,developer
408,Taffy,Aaberg,Taffy.Aaberg@yopmail.com,Taffy.Aaberg@gmail.com,developer
409,Catharine,Persse,Catharine.Persse@yopmail.com,Catharine.Persse@gmail.com,police officer
410,Andree,Swanhildas,Andree.Swanhildas@yopmail.com,Andree.Swanhildas@gmail.com,police officer
411,Tomasina,Vins,Tomasina.Vins@yopmail.com,Tomasina.Vins@gmail.com,police officer
412,Collen,Sherrie,Collen.Sherrie@yopmail.com,Collen.Sherrie@gmail.com,police officer
413,Fidelia,Talia,Fidelia.Talia@yopmail.com,Fidelia.Talia@gmail.com,police officer
414,Genevra,Wiener,Genevra.Wiener@yopmail.com,Genevra.Wiener@gmail.com,developer
415,Catrina,Moseley,Catrina.Moseley@yopmail.com,Catrina.Moseley@gmail.com,developer
416,Joane,Turne,Joane.Turne@yopmail.com,Joane.Turne@gmail.com,doctor
417,Janeczka,Zachary,Janeczka.Zachary@yopmail.com,Janeczka.Zachary@gmail.com,doctor
418,Chickie,Norrie,Chickie.Norrie@yopmail.com,Chickie.Norrie@gmail.com,doctor
419,Cacilie,Palocz,Cacilie.Palocz@yopmail.com,Cacilie.Palocz@gmail.com,police officer
420,Aryn,Trace,Aryn.Trace@yopmail.com,Aryn.Trace@gmail.com,worker
421,Clarice,Wallis,Clarice.Wallis@yopmail.com,Clarice.Wallis@gmail.com,doctor
422,Bettine,Nunci,Bettine.Nunci@yopmail.com,Bettine.Nunci@gmail.com,developer
423,Raf,Remmer,Raf.Remmer@yopmail.com,Raf.Remmer@gmail.com,police officer
424,Edyth,Aloise,Edyth.Aloise@yopmail.com,Edyth.Aloise@gmail.com,police officer
425,Marjie,Maples,Marjie.Maples@yopmail.com,Marjie.Maples@gmail.com,worker
426,Cherilyn,Grayce,Cherilyn.Grayce@yopmail.com,Cherilyn.Grayce@gmail.com,doctor
427,Charlena,Peonir,Charlena.Peonir@yopmail.com,Charlena.Peonir@gmail.com,doctor
428,Dede,Dosia,Dede.Dosia@yopmail.com,Dede.Dosia@gmail.com,developer
429,Lacie,Shanley,Lacie.Shanley@yopmail.com,Lacie.Shanley@gmail.com,developer
430,Miquela,Kare,Miquela.Kare@yopmail.com,Miquela.Kare@gmail.com,firefighter
431,Loree,Sophronia,Loree.Sophronia@yopmail.com,Loree.Sophronia@gmail.com,doctor
432,Paola,Chem,Paola.Chem@yopmail.com,Paola.Chem@gmail.com,worker
433,Florie,Gaspard,Florie.Gaspard@yopmail.com,Florie.Gaspard@gmail.com,police officer
434,Jean,Swigart,Jean.Swigart@yopmail.com,Jean.Swigart@gmail.com,firefighter
435,Candy,Yorick,Candy.Yorick@yopmail.com,Candy.Yorick@gmail.com,police officer
436,Rori,Khorma,Rori.Khorma@yopmail.com,Rori.Khorma@gmail.com,worker
437,Taffy,Wilkinson,Taffy.Wilkinson@yopmail.com,Taffy.Wilkinson@gmail.com,developer
438,Diena,Johanna,Diena.Johanna@yopmail.com,Diena.Johanna@gmail.com,developer
439,Alejandra,Howlyn,Alejandra.Howlyn@yopmail.com,Alejandra.Howlyn@gmail.com,police officer
440,Anallese,Kamaria,Anallese.Kamaria@yopmail.com,Anallese.Kamaria@gmail.com,developer
441,Cyndie,Docilla,Cyndie.Docilla@yopmail.com,Cyndie.Docilla@gmail.com,developer
442,Linet,Margret,Linet.Margret@yopmail.com,Linet.Margret@gmail.com,police officer
443,Johna,Old,Johna.Old@yopmail.com,Johna.Old@gmail.com,police officer
444,Sandie,Izaak,Sandie.Izaak@yopmail.com,Sandie.Izaak@gmail.com,worker
445,Ida,Colyer,Ida.Colyer@yopmail.com,Ida.Colyer@gmail.com,doctor
446,Elsie,Masao,Elsie.Masao@yopmail.com,Elsie.Masao@gmail.com,police officer
447,Ileana,Tengdin,Ileana.Tengdin@yopmail.com,Ileana.Tengdin@gmail.com,developer
448,Annabela,McClimans,Annabela.McClimans@yopmail.com,Annabela.McClimans@gmail.com,firefighter
449,Veda,Ezar,Veda.Ezar@yopmail.com,Veda.Ezar@gmail.com,developer
450,Ursulina,Soneson,Ursulina.Soneson@yopmail.com,Ursulina.Soneson@gmail.com,worker
451,Babita,Isacco,Babita.Isacco@yopmail.com,Babita.Isacco@gmail.com,police officer
452,Harmonia,Leary,Harmonia.Leary@yopmail.com,Harmonia.Leary@gmail.com,worker
453,Alejandra,Velick,Alejandra.Velick@yopmail.com,Alejandra.Velick@gmail.com,firefighter
454,Vere,Ade,Vere.Ade@yopmail.com,Vere.Ade@gmail.com,developer
455,Imojean,Obed,Imojean.Obed@yopmail.com,Imojean.Obed@gmail.com,doctor
456,Janis,Alarise,Janis.Alarise@yopmail.com,Janis.Alarise@gmail.com,developer
457,Christian,Fiann,Christian.Fiann@yopmail.com,Christian.Fiann@gmail.com,worker
458,Monika,Jacinda,Monika.Jacinda@yopmail.com,Monika.Jacinda@gmail.com,worker
459,Angelique,Nester,Angelique.Nester@yopmail.com,Angelique.Nester@gmail.com,developer
460,Allyce,Poppy,Allyce.Poppy@yopmail.com,Allyce.Poppy@gmail.com,firefighter
461,Jeanna,Ilka,Jeanna.Ilka@yopmail.com,Jeanna.Ilka@gmail.com,doctor
462,Teddie,Schalles,Teddie.Schalles@yopmail.com,Teddie.Schalles@gmail.com,worker
463,Fred,Docilla,Fred.Docilla@yopmail.com,Fred.Docilla@gmail.com,developer
464,Lanae,Atonsah,Lanae.Atonsah@yopmail.com,Lanae.Atonsah@gmail.com,police officer
465,Alameda,Bettine,Alameda.Bettine@yopmail.com,Alameda.Bettine@gmail.com,doctor
466,Vonny,Thar,Vonny.Thar@yopmail.com,Vonny.Thar@gmail.com,firefighter
467,Concettina,McGrody,Concettina.McGrody@yopmail.com,Concettina.McGrody@gmail.com,firefighter
468,Janis,Zrike,Janis.Zrike@yopmail.com,Janis.Zrike@gmail.com,police officer
469,Tierney,Hebner,Tierney.Hebner@yopmail.com,Tierney.Hebner@gmail.com,police officer
470,Tiffie,Carleen,Tiffie.Carleen@yopmail.com,Tiffie.Carleen@gmail.com,police officer
471,Melina,Ovid,Melina.Ovid@yopmail.com,Melina.Ovid@gmail.com,doctor
472,Gwyneth,Beniamino,Gwyneth.Beniamino@yopmail.com,Gwyneth.Beniamino@gmail.com,worker
473,Hannis,Gregrory,Hannis.Gregrory@yopmail.com,Hannis.Gregrory@gmail.com,developer
474,Vinita,Ochs,Vinita.Ochs@yopmail.com,Vinita.Ochs@gmail.com,police officer
475,Kittie,Maxi,Kittie.Maxi@yopmail.com,Kittie.Maxi@gmail.com,developer
476,Steffane,Whittaker,Steffane.Whittaker@yopmail.com,Steffane.Whittaker@gmail.com,doctor
477,Jan,Ophelia,Jan.Ophelia@yopmail.com,Jan.Ophelia@gmail.com,worker
478,Rosanne,Mallon,Rosanne.Mallon@yopmail.com,Rosanne.Mallon@gmail.com,developer
479,Minda,Edee,Minda.Edee@yopmail.com,Minda.Edee@gmail.com,firefighter
480,Edee,Gamaliel,Edee.Gamaliel@yopmail.com,Edee.Gamaliel@gmail.com,developer
481,Blondelle,Joachim,Blondelle.Joachim@yopmail.com,Blondelle.Joachim@gmail.com,police officer
482,Charissa,Parsaye,Charissa.Parsaye@yopmail.com,Charissa.Parsaye@gmail.com,doctor
483,Lanna,Henrie,Lanna.Henrie@yopmail.com,Lanna.Henrie@gmail.com,developer
484,Tina,Boehike,Tina.Boehike@yopmail.com,Tina.Boehike@gmail.com,developer
485,Linzy,Paton,Linzy.Paton@yopmail.com,Linzy.Paton@gmail.com,doctor
486,Nessie,Reneta,Nessie.Reneta@yopmail.com,Nessie.Reneta@gmail.com,doctor
487,Aurelie,Suanne,Aurelie.Suanne@yopmail.com,Aurelie.Suanne@gmail.com,doctor
488,Shandie,Sisile,Shandie.Sisile@yopmail.com,Shandie.Sisile@gmail.com,police officer
489,Hope,Posner,Hope.Posner@yopmail.com,Hope.Posner@gmail.com,police officer
490,Nadine,Tound,Nadine.Tound@yopmail.com,Nadine.Tound@gmail.com,developer
491,Caryl,Rona,Caryl.Rona@yopmail.com,Caryl.Rona@gmail.com,worker
492,Rori,Bonilla,Rori.Bonilla@yopmail.com,Rori.Bonilla@gmail.com,developer
493,Renae,Frendel,Renae.Frendel@yopmail.com,Renae.Frendel@gmail.com,firefighter
494,Sashenka,Odysseus,Sashenka.Odysseus@yopmail.com,Sashenka.Odysseus@gmail.com,worker
495,Zia,Ehrman,Zia.Ehrman@yopmail.com,Zia.Ehrman@gmail.com,worker
496,Cassondra,Carri,Cassondra.Carri@yopmail.com,Cassondra.Carri@gmail.com,police officer
497,Ericka,Persse,Ericka.Persse@yopmail.com,Ericka.Persse@gmail.com,worker
498,Farrah,Aprile,Farrah.Aprile@yopmail.com,Farrah.Aprile@gmail.com,doctor
499,Gilda,Cyrie,Gilda.Cyrie@yopmail.com,Gilda.Cyrie@gmail.com,worker
500,Tracey,Land,Tracey.Land@yopmail.com,Tracey.Land@gmail.com,doctor
501,Marline,Regan,Marline.Regan@yopmail.com,Marline.Regan@gmail.com,developer
502,Arlena,Jammal,Arlena.Jammal@yopmail.com,Arlena.Jammal@gmail.com,firefighter
503,Ernesta,Mitzi,Ernesta.Mitzi@yopmail.com,Ernesta.Mitzi@gmail.com,worker
504,Ezmeralda,Cristi,Ezmeralda.Cristi@yopmail.com,Ezmeralda.Cristi@gmail.com,firefighter
505,Miquela,Rogerio,Miquela.Rogerio@yopmail.com,Miquela.Rogerio@gmail.com,firefighter
506,Tani,Thad,Tani.Thad@yopmail.com,Tani.Thad@gmail.com,developer
507,Taffy,Chauncey,Taffy.Chauncey@yopmail.com,Taffy.Chauncey@gmail.com,developer
508,Alisha,Kellby,Alisha.Kellby@yopmail.com,Alisha.Kellby@gmail.com,police officer
509,Jsandye,Cosenza,Jsandye.Cosenza@yopmail.com,Jsandye.Cosenza@gmail.com,firefighter
510,Aurelie,Zachary,Aurelie.Zachary@yopmail.com,Aurelie.Zachary@gmail.com,developer
511,Fayre,Roscoe,Fayre.Roscoe@yopmail.com,Fayre.Roscoe@gmail.com,doctor
512,Kaia,Ietta,Kaia.Ietta@yopmail.com,Kaia.Ietta@gmail.com,worker
513,Karlee,Klemperer,Karlee.Klemperer@yopmail.com,Karlee.Klemperer@gmail.com,developer
514,Aili,Annabella,Aili.Annabella@yopmail.com,Aili.Annabella@gmail.com,firefighter
515,Dede,Lytton,Dede.Lytton@yopmail.com,Dede.Lytton@gmail.com,doctor
516,Pearline,Cimbura,Pearline.Cimbura@yopmail.com,Pearline.Cimbura@gmail.com,police officer
517,Sindee,Arley,Sindee.Arley@yopmail.com,Sindee.Arley@gmail.com,police officer
518,Melodie,Phaidra,Melodie.Phaidra@yopmail.com,Melodie.Phaidra@gmail.com,police officer
519,Jenda,Camden,Jenda.Camden@yopmail.com,Jenda.Camden@gmail.com,developer
520,Eadie,Reneta,Eadie.Reneta@yopmail.com,Eadie.Reneta@gmail.com,developer
521,Margalo,Cynar,Margalo.Cynar@yopmail.com,Margalo.Cynar@gmail.com,police officer
522,Kassey,Auberbach,Kassey.Auberbach@yopmail.com,Kassey.Auberbach@gmail.com,developer
523,Roxane,Jerold,Roxane.Jerold@yopmail.com,Roxane.Jerold@gmail.com,worker
524,Hollie,Dichy,Hollie.Dichy@yopmail.com,Hollie.Dichy@gmail.com,police officer
525,Beatriz,Zaslow,Beatriz.Zaslow@yopmail.com,Beatriz.Zaslow@gmail.com,worker
526,Jacenta,Peg,Jacenta.Peg@yopmail.com,Jacenta.Peg@gmail.com,developer
527,Elie,Tacye,Elie.Tacye@yopmail.com,Elie.Tacye@gmail.com,developer
528,Mary,Matthew,Mary.Matthew@yopmail.com,Mary.Matthew@gmail.com,developer
529,Aaren,Leary,Aaren.Leary@yopmail.com,Aaren.Leary@gmail.com,doctor
530,Magdalena,Chauncey,Magdalena.Chauncey@yopmail.com,Magdalena.Chauncey@gmail.com,police officer
531,Hallie,Holbrook,Hallie.Holbrook@yopmail.com,Hallie.Holbrook@gmail.com,firefighter
532,Sadie,Cookie,Sadie.Cookie@yopmail.com,Sadie.Cookie@gmail.com,police officer
533,Nerta,Nickola,Nerta.Nickola@yopmail.com,Nerta.Nickola@gmail.com,firefighter
534,Carol-Jean,Dudley,Carol-Jean.Dudley@yopmail.com,Carol-Jean.Dudley@gmail.com,doctor
535,Lulita,Salchunas,Lulita.Salchunas@yopmail.com,Lulita.Salchunas@gmail.com,firefighter
536,Sandie,Gino,Sandie.Gino@yopmail.com,Sandie.Gino@gmail.com,developer
537,Suzette,Persse,Suzette.Persse@yopmail.com,Suzette.Persse@gmail.com,firefighter
538,Rosabelle,Belanger,Rosabelle.Belanger@yopmail.com,Rosabelle.Belanger@gmail.com,worker
539,Winny,Argus,Winny.Argus@yopmail.com,Winny.Argus@gmail.com,firefighter
540,Frieda,Daveta,Frieda.Daveta@yopmail.com,Frieda.Daveta@gmail.com,developer
541,Aaren,Hertzfeld,Aaren.Hertzfeld@yopmail.com,Aaren.Hertzfeld@gmail.com,police officer
542,Therine,Markman,Therine.Markman@yopmail.com,Therine.Markman@gmail.com,police officer
543,Ann-Marie,Blake,Ann-Marie.Blake@yopmail.com,Ann-Marie.Blake@gmail.com,police officer
544,Nikki,Olnee,Nikki.Olnee@yopmail.com,Nikki.Olnee@gmail.com,firefighter
545,Margarette,Tiffa,Margarette.Tiffa@yopmail.com,Margarette.Tiffa@gmail.com,police officer
546,Joy,Brotherson,Joy.Brotherson@yopmail.com,Joy.Brotherson@gmail.com,firefighter
547,Cathie,Riva,Cathie.Riva@yopmail.com,Cathie.Riva@gmail.com,doctor
548,Barbara,Cleavland,Barbara.Cleavland@yopmail.com,Barbara.Cleavland@gmail.com,police officer
549,Candi,Ulphia,Candi.Ulphia@yopmail.com,Candi.Ulphia@gmail.com,developer
550,Consuela,Maples,Consuela.Maples@yopmail.com,Consuela.Maples@gmail.com,firefighter
551,Mahalia,Socha,Mahalia.Socha@yopmail.com,Mahalia.Socha@gmail.com,firefighter
552,Corina,Chesna,Corina.Chesna@yopmail.com,Corina.Chesna@gmail.com,worker
553,Jaime,Boehike,Jaime.Boehike@yopmail.com,Jaime.Boehike@gmail.com,firefighter
554,Phylis,Yoko,Phylis.Yoko@yopmail.com,Phylis.Yoko@gmail.com,police officer
555,Myriam,Santoro,Myriam.Santoro@yopmail.com,Myriam.Santoro@gmail.com,police officer
556,Jsandye,Poppy,Jsandye.Poppy@yopmail.com,Jsandye.Poppy@gmail.com,firefighter
557,Johna,Quent,Johna.Quent@yopmail.com,Johna.Quent@gmail.com,police officer
558,Lily,Brian,Lily.Brian@yopmail.com,Lily.Brian@gmail.com,doctor
559,Merle,Lia,Merle.Lia@yopmail.com,Merle.Lia@gmail.com,developer
560,Rayna,Muriel,Rayna.Muriel@yopmail.com,Rayna.Muriel@gmail.com,developer
561,Meg,Lewes,Meg.Lewes@yopmail.com,Meg.Lewes@gmail.com,developer
562,Queenie,Yerkovich,Queenie.Yerkovich@yopmail.com,Queenie.Yerkovich@gmail.com,firefighter
563,Rosanne,Martguerita,Rosanne.Martguerita@yopmail.com,Rosanne.Martguerita@gmail.com,doctor
564,Althea,Ivens,Althea.Ivens@yopmail.com,Althea.Ivens@gmail.com,worker
565,Annabela,Bashemeth,Annabela.Bashemeth@yopmail.com,Annabela.Bashemeth@gmail.com,doctor
566,Isa,Wilkinson,Isa.Wilkinson@yopmail.com,Isa.Wilkinson@gmail.com,police officer
567,Glenda,Lareena,Glenda.Lareena@yopmail.com,Glenda.Lareena@gmail.com,worker
568,Sue,Tayib,Sue.Tayib@yopmail.com,Sue.Tayib@gmail.com,doctor
569,Modestia,O'Neill,Modestia.O'Neill@yopmail.com,Modestia.O'Neill@gmail.com,worker
570,Fina,Wenda,Fina.Wenda@yopmail.com,Fina.Wenda@gmail.com,worker
571,Roxane,Hortensia,Roxane.Hortensia@yopmail.com,Roxane.Hortensia@gmail.com,doctor
572,Fanchon,Keily,Fanchon.Keily@yopmail.com,Fanchon.Keily@gmail.com,police officer
573,Antonietta,Screens,Antonietta.Screens@yopmail.com,Antonietta.Screens@gmail.com,doctor
574,Gavrielle,Faro,Gavrielle.Faro@yopmail.com,Gavrielle.Faro@gmail.com,developer
575,Theodora,Yorick,Theodora.Yorick@yopmail.com,Theodora.Yorick@gmail.com,police officer
576,Vevay,Verger,Vevay.Verger@yopmail.com,Vevay.Verger@gmail.com,worker
577,Emylee,Fancie,Emylee.Fancie@yopmail.com,Emylee.Fancie@gmail.com,firefighter
578,Grier,Maurine,Grier.Maurine@yopmail.com,Grier.Maurine@gmail.com,doctor
579,Ermengarde,Kellby,Ermengarde.Kellby@yopmail.com,Ermengarde.Kellby@gmail.com,worker
580,Annora,Rocray,Annora.Rocray@yopmail.com,Annora.Rocray@gmail.com,firefighter
581,Leona,Docilla,Leona.Docilla@yopmail.com,Leona.Docilla@gmail.com,firefighter
582,Vinita,Cavan,Vinita.Cavan@yopmail.com,Vinita.Cavan@gmail.com,firefighter
583,Sheelagh,Grosz,Sheelagh.Grosz@yopmail.com,Sheelagh.Grosz@gmail.com,firefighter
584,Lory,Jorgan,Lory.Jorgan@yopmail.com,Lory.Jorgan@gmail.com,police officer
585,Alexine,Wu,Alexine.Wu@yopmail.com,Alexine.Wu@gmail.com,police officer
586,Zondra,Eiser,Zondra.Eiser@yopmail.com,Zondra.Eiser@gmail.com,firefighter
587,Aryn,Firmin,Aryn.Firmin@yopmail.com,Aryn.Firmin@gmail.com,police officer
588,Lexine,Santoro,Lexine.Santoro@yopmail.com,Lexine.Santoro@gmail.com,doctor
589,Babita,Wandie,Babita.Wandie@yopmail.com,Babita.Wandie@gmail.com,firefighter
590,Susan,Libna,Susan.Libna@yopmail.com,Susan.Libna@gmail.com,doctor
591,Estell,Faso,Estell.Faso@yopmail.com,Estell.Faso@gmail.com,worker
592,Anica,Casimir,Anica.Casimir@yopmail.com,Anica.Casimir@gmail.com,police officer
593,Dominga,Hubert,Dominga.Hubert@yopmail.com,Dominga.Hubert@gmail.com,firefighter
594,Bernardine,Donell,Bernardine.Donell@yopmail.com,Bernardine.Donell@gmail.com,developer
595,Ethel,Dorcy,Ethel.Dorcy@yopmail.com,Ethel.Dorcy@gmail.com,doctor
596,Lindie,Carbo,Lindie.Carbo@yopmail.com,Lindie.Carbo@gmail.com,police officer
597,Janis,Kenwood,Janis.Kenwood@yopmail.com,Janis.Kenwood@gmail.com,doctor
598,Gwenneth,Keelia,Gwenneth.Keelia@yopmail.com,Gwenneth.Keelia@gmail.com,police officer
599,Ronna,Evangelia,Ronna.Evangelia@yopmail.com,Ronna.Evangelia@gmail.com,doctor
600,Rori,Joni,Rori.Joni@yopmail.com,Rori.Joni@gmail.com,police officer
601,Lila,Ball,Lila.Ball@yopmail.com,Lila.Ball@gmail.com,firefighter
602,Jinny,Mich,Jinny.Mich@yopmail.com,Jinny.Mich@gmail.com,police officer
603,Gilligan,Stover,Gilligan.Stover@yopmail.com,Gilligan.Stover@gmail.com,firefighter
604,Rivalee,Susannah,Rivalee.Susannah@yopmail.com,Rivalee.Susannah@gmail.com,firefighter
605,Audrie,Freddi,Audrie.Freddi@yopmail.com,Audrie.Freddi@gmail.com,firefighter
606,Eadie,Daveta,Eadie.Daveta@yopmail.com,Eadie.Daveta@gmail.com,firefighter
607,Inga,Kristi,Inga.Kristi@yopmail.com,Inga.Kristi@gmail.com,firefighter
608,Melanie,Hieronymus,Melanie.Hieronymus@yopmail.com,Melanie.Hieronymus@gmail.com,developer
609,Kristan,Dalli,Kristan.Dalli@yopmail.com,Kristan.Dalli@gmail.com,developer
610,Emilia,Goode,Emilia.Goode@yopmail.com,Emilia.Goode@gmail.com,police officer
611,Sashenka,Niles,Sashenka.Niles@yopmail.com,Sashenka.Niles@gmail.com,doctor
612,Alyssa,Thunell,Alyssa.Thunell@yopmail.com,Alyssa.Thunell@gmail.com,firefighter
613,Britte,Silvan,Britte.Silvan@yopmail.com,Britte.Silvan@gmail.com,police officer
614,Bobbi,Rosette,Bobbi.Rosette@yopmail.com,Bobbi.Rosette@gmail.com,police officer
615,Tori,Brotherson,Tori.Brotherson@yopmail.com,Tori.Brotherson@gmail.com,developer
616,Adriana,Martsen,Adriana.Martsen@yopmail.com,Adriana.Martsen@gmail.com,firefighter
617,Elora,Tice,Elora.Tice@yopmail.com,Elora.Tice@gmail.com,worker
618,Tami,Hertzfeld,Tami.Hertzfeld@yopmail.com,Tami.Hertzfeld@gmail.com,police officer
619,Lynde,Arquit,Lynde.Arquit@yopmail.com,Lynde.Arquit@gmail.com,developer
620,Stacey,Zuzana,Stacey.Zuzana@yopmail.com,Stacey.Zuzana@gmail.com,police officer
621,Susette,Pillsbury,Susette.Pillsbury@yopmail.com,Susette.Pillsbury@gmail.com,police officer
622,Aaren,Gibbeon,Aaren.Gibbeon@yopmail.com,Aaren.Gibbeon@gmail.com,firefighter
623,Willetta,Hermes,Willetta.Hermes@yopmail.com,Willetta.Hermes@gmail.com,police officer
624,Kary,Rese,Kary.Rese@yopmail.com,Kary.Rese@gmail.com,worker
625,Alisha,Travax,Alisha.Travax@yopmail.com,Alisha.Travax@gmail.com,firefighter
626,Sheree,Vastah,Sheree.Vastah@yopmail.com,Sheree.Vastah@gmail.com,worker
627,Joceline,Zetta,Joceline.Zetta@yopmail.com,Joceline.Zetta@gmail.com,worker
628,Peri,Kiyoshi,Peri.Kiyoshi@yopmail.com,Peri.Kiyoshi@gmail.com,developer
629,Doro,Lemuela,Doro.Lemuela@yopmail.com,Doro.Lemuela@gmail.com,developer
630,Constance,Fillbert,Constance.Fillbert@yopmail.com,Constance.Fillbert@gmail.com,police officer
631,Stacey,Vharat,Stacey.Vharat@yopmail.com,Stacey.Vharat@gmail.com,developer
632,Angelique,Kare,Angelique.Kare@yopmail.com,Angelique.Kare@gmail.com,doctor
633,Bettine,Delp,Bettine.Delp@yopmail.com,Bettine.Delp@gmail.com,worker
634,Priscilla,Pacorro,Priscilla.Pacorro@yopmail.com,Priscilla.Pacorro@gmail.com,worker
635,Jessamyn,Khorma,Jessamyn.Khorma@yopmail.com,Jessamyn.Khorma@gmail.com,worker
636,Correy,Lalitta,Correy.Lalitta@yopmail.com,Correy.Lalitta@gmail.com,developer
637,Kelly,Sharl,Kelly.Sharl@yopmail.com,Kelly.Sharl@gmail.com,developer
638,Alex,Sinegold,Alex.Sinegold@yopmail.com,Alex.Sinegold@gmail.com,worker
639,Korrie,Cottle,Korrie.Cottle@yopmail.com,Korrie.Cottle@gmail.com,developer
640,Agathe,Hamil,Agathe.Hamil@yopmail.com,Agathe.Hamil@gmail.com,developer
641,Susan,Gilmour,Susan.Gilmour@yopmail.com,Susan.Gilmour@gmail.com,doctor
642,Chickie,Tayib,Chickie.Tayib@yopmail.com,Chickie.Tayib@gmail.com,firefighter
643,Jacquetta,Chabot,Jacquetta.Chabot@yopmail.com,Jacquetta.Chabot@gmail.com,worker
644,Hallie,Gusella,Hallie.Gusella@yopmail.com,Hallie.Gusella@gmail.com,developer
645,Wynne,Donell,Wynne.Donell@yopmail.com,Wynne.Donell@gmail.com,police officer
646,Philis,Dawkins,Philis.Dawkins@yopmail.com,Philis.Dawkins@gmail.com,worker
647,Aubrie,Ochs,Aubrie.Ochs@yopmail.com,Aubrie.Ochs@gmail.com,police officer
648,Elie,Lytton,Elie.Lytton@yopmail.com,Elie.Lytton@gmail.com,developer
649,Magdalena,Ivens,Magdalena.Ivens@yopmail.com,Magdalena.Ivens@gmail.com,worker
650,Carly,Couture,Carly.Couture@yopmail.com,Carly.Couture@gmail.com,police officer
651,Georgina,Skell,Georgina.Skell@yopmail.com,Georgina.Skell@gmail.com,firefighter
652,Hope,Liebermann,Hope.Liebermann@yopmail.com,Hope.Liebermann@gmail.com,worker
653,Vanessa,Croix,Vanessa.Croix@yopmail.com,Vanessa.Croix@gmail.com,doctor
654,Kayla,Abbot,Kayla.Abbot@yopmail.com,Kayla.Abbot@gmail.com,police officer
655,Brandise,Ventre,Brandise.Ventre@yopmail.com,Brandise.Ventre@gmail.com,worker
656,Cyndie,Dalli,Cyndie.Dalli@yopmail.com,Cyndie.Dalli@gmail.com,firefighter
657,Marsiella,Tufts,Marsiella.Tufts@yopmail.com,Marsiella.Tufts@gmail.com,worker
658,Nonnah,Fiann,Nonnah.Fiann@yopmail.com,Nonnah.Fiann@gmail.com,worker
659,Brynna,Bibi,Brynna.Bibi@yopmail.com,Brynna.Bibi@gmail.com,worker
660,Stephanie,Kauppi,Stephanie.Kauppi@yopmail.com,Stephanie.Kauppi@gmail.com,police officer
661,Ofilia,Nea,Ofilia.Nea@yopmail.com,Ofilia.Nea@gmail.com,developer
662,Brana,Adore,Brana.Adore@yopmail.com,Brana.Adore@gmail.com,developer
663,Ardys,Thomasina,Ardys.Thomasina@yopmail.com,Ardys.Thomasina@gmail.com,worker
664,Nikki,Mullane,Nikki.Mullane@yopmail.com,Nikki.Mullane@gmail.com,developer
665,Marika,Kevon,Marika.Kevon@yopmail.com,Marika.Kevon@gmail.com,firefighter
666,Celestyna,Maryanne,Celestyna.Maryanne@yopmail.com,Celestyna.Maryanne@gmail.com,firefighter
667,Trixi,Wyn,Trixi.Wyn@yopmail.com,Trixi.Wyn@gmail.com,worker
668,Sashenka,Quinn,Sashenka.Quinn@yopmail.com,Sashenka.Quinn@gmail.com,worker
669,Monika,Germann,Monika.Germann@yopmail.com,Monika.Germann@gmail.com,doctor
670,Nelle,Poppy,Nelle.Poppy@yopmail.com,Nelle.Poppy@gmail.com,worker
671,Theodora,Fleeta,Theodora.Fleeta@yopmail.com,Theodora.Fleeta@gmail.com,developer
672,Johna,Roxanna,Johna.Roxanna@yopmail.com,Johna.Roxanna@gmail.com,worker
673,Tami,Crudden,Tami.Crudden@yopmail.com,Tami.Crudden@gmail.com,doctor
674,Leanna,Alva,Leanna.Alva@yopmail.com,Leanna.Alva@gmail.com,doctor
675,Margalo,Xerxes,Margalo.Xerxes@yopmail.com,Margalo.Xerxes@gmail.com,worker
676,Jessamyn,Borrell,Jessamyn.Borrell@yopmail.com,Jessamyn.Borrell@gmail.com,worker
677,Nananne,McLaughlin,Nananne.McLaughlin@yopmail.com,Nananne.McLaughlin@gmail.com,worker
678,Selma,Poppy,Selma.Poppy@yopmail.com,Selma.Poppy@gmail.com,worker
679,Adriana,Chinua,Adriana.Chinua@yopmail.com,Adriana.Chinua@gmail.com,police officer
680,Gerrie,Dituri,Gerrie.Dituri@yopmail.com,Gerrie.Dituri@gmail.com,firefighter
681,Mady,Ummersen,Mady.Ummersen@yopmail.com,Mady.Ummersen@gmail.com,developer
682,Sherrie,Sigfrid,Sherrie.Sigfrid@yopmail.com,Sherrie.Sigfrid@gmail.com,developer
683,Mara,Corrine,Mara.Corrine@yopmail.com,Mara.Corrine@gmail.com,police officer
684,Stacey,Turne,Stacey.Turne@yopmail.com,Stacey.Turne@gmail.com,developer
685,Mariele,Millda,Mariele.Millda@yopmail.com,Mariele.Millda@gmail.com,doctor
686,Evita,Georas,Evita.Georas@yopmail.com,Evita.Georas@gmail.com,developer
687,Bertine,Ventre,Bertine.Ventre@yopmail.com,Bertine.Ventre@gmail.com,worker
688,Chloris,Frendel,Chloris.Frendel@yopmail.com,Chloris.Frendel@gmail.com,worker
689,Fidelia,Capello,Fidelia.Capello@yopmail.com,Fidelia.Capello@gmail.com,developer
690,Rozele,Ashok,Rozele.Ashok@yopmail.com,Rozele.Ashok@gmail.com,firefighter
691,Celene,Etom,Celene.Etom@yopmail.com,Celene.Etom@gmail.com,developer
692,Marnia,Wilona,Marnia.Wilona@yopmail.com,Marnia.Wilona@gmail.com,doctor
693,Cherrita,Wallis,Cherrita.Wallis@yopmail.com,Cherrita.Wallis@gmail.com,developer
694,Asia,Bonilla,Asia.Bonilla@yopmail.com,Asia.Bonilla@gmail.com,doctor
695,Luci,Corrine,Luci.Corrine@yopmail.com,Luci.Corrine@gmail.com,developer
696,Gretal,Modie,Gretal.Modie@yopmail.com,Gretal.Modie@gmail.com,firefighter
697,Aubrie,Cavan,Aubrie.Cavan@yopmail.com,Aubrie.Cavan@gmail.com,developer
698,Jordan,Nahum,Jordan.Nahum@yopmail.com,Jordan.Nahum@gmail.com,developer
699,Delilah,Fink,Delilah.Fink@yopmail.com,Delilah.Fink@gmail.com,doctor
700,Jan,Pattin,Jan.Pattin@yopmail.com,Jan.Pattin@gmail.com,police officer
701,Shannah,Clie,Shannah.Clie@yopmail.com,Shannah.Clie@gmail.com,worker
702,Corene,Lindemann,Corene.Lindemann@yopmail.com,Corene.Lindemann@gmail.com,firefighter
703,Cathyleen,Whiffen,Cathyleen.Whiffen@yopmail.com,Cathyleen.Whiffen@gmail.com,doctor
704,Lanna,O'Neill,Lanna.O'Neill@yopmail.com,Lanna.O'Neill@gmail.com,doctor
705,Myrtice,Rillings,Myrtice.Rillings@yopmail.com,Myrtice.Rillings@gmail.com,worker
706,Elena,Abernon,Elena.Abernon@yopmail.com,Elena.Abernon@gmail.com,developer
707,Regina,Gaynor,Regina.Gaynor@yopmail.com,Regina.Gaynor@gmail.com,police officer
708,Katuscha,Tamar,Katuscha.Tamar@yopmail.com,Katuscha.Tamar@gmail.com,developer
709,Carmencita,Felecia,Carmencita.Felecia@yopmail.com,Carmencita.Felecia@gmail.com,worker
710,Ruthe,Johanna,Ruthe.Johanna@yopmail.com,Ruthe.Johanna@gmail.com,doctor
711,Abbie,Edmund,Abbie.Edmund@yopmail.com,Abbie.Edmund@gmail.com,police officer
712,Vere,Killigrew,Vere.Killigrew@yopmail.com,Vere.Killigrew@gmail.com,worker
713,Linet,Sherrie,Linet.Sherrie@yopmail.com,Linet.Sherrie@gmail.com,worker
714,Willetta,Dorine,Willetta.Dorine@yopmail.com,Willetta.Dorine@gmail.com,worker
715,Cyndie,Alarise,Cyndie.Alarise@yopmail.com,Cyndie.Alarise@gmail.com,police officer
716,Mallory,Estella,Mallory.Estella@yopmail.com,Mallory.Estella@gmail.com,firefighter
717,Tatiania,Latini,Tatiania.Latini@yopmail.com,Tatiania.Latini@gmail.com,developer
718,Maud,Erb,Maud.Erb@yopmail.com,Maud.Erb@gmail.com,worker
719,Louella,Autrey,Louella.Autrey@yopmail.com,Louella.Autrey@gmail.com,doctor
720,Renie,Docilla,Renie.Docilla@yopmail.com,Renie.Docilla@gmail.com,doctor
721,Olwen,Sigfrid,Olwen.Sigfrid@yopmail.com,Olwen.Sigfrid@gmail.com,police officer
722,Hildegaard,Skell,Hildegaard.Skell@yopmail.com,Hildegaard.Skell@gmail.com,doctor
723,Hope,Yorick,Hope.Yorick@yopmail.com,Hope.Yorick@gmail.com,police officer
724,Karena,McCutcheon,Karena.McCutcheon@yopmail.com,Karena.McCutcheon@gmail.com,worker
725,Willetta,Briney,Willetta.Briney@yopmail.com,Willetta.Briney@gmail.com,worker
726,Trixi,Buckler,Trixi.Buckler@yopmail.com,Trixi.Buckler@gmail.com,worker
727,Amii,Tyson,Amii.Tyson@yopmail.com,Amii.Tyson@gmail.com,worker
728,Vita,Autrey,Vita.Autrey@yopmail.com,Vita.Autrey@gmail.com,firefighter
729,Nonnah,Arley,Nonnah.Arley@yopmail.com,Nonnah.Arley@gmail.com,worker
730,Carlie,Oriana,Carlie.Oriana@yopmail.com,Carlie.Oriana@gmail.com,developer
731,Christian,Evangelia,Christian.Evangelia@yopmail.com,Christian.Evangelia@gmail.com,worker
732,Shaine,Dorcy,Shaine.Dorcy@yopmail.com,Shaine.Dorcy@gmail.com,worker
733,Ricky,Lindemann,Ricky.Lindemann@yopmail.com,Ricky.Lindemann@gmail.com,developer
734,Anallese,Rustice,Anallese.Rustice@yopmail.com,Anallese.Rustice@gmail.com,doctor
735,Mady,Frendel,Mady.Frendel@yopmail.com,Mady.Frendel@gmail.com,police officer
736,Emylee,Alfons,Emylee.Alfons@yopmail.com,Emylee.Alfons@gmail.com,firefighter
737,Bee,Woodberry,Bee.Woodberry@yopmail.com,Bee.Woodberry@gmail.com,police officer
738,Agnese,Glovsky,Agnese.Glovsky@yopmail.com,Agnese.Glovsky@gmail.com,firefighter
739,Darci,Nore,Darci.Nore@yopmail.com,Darci.Nore@gmail.com,firefighter
740,Bee,Leonard,Bee.Leonard@yopmail.com,Bee.Leonard@gmail.com,doctor
741,Shel,Mitzi,Shel.Mitzi@yopmail.com,Shel.Mitzi@gmail.com,worker
742,Dolli,Kelula,Dolli.Kelula@yopmail.com,Dolli.Kelula@gmail.com,worker
743,Adele,Beniamino,Adele.Beniamino@yopmail.com,Adele.Beniamino@gmail.com,firefighter
744,Shaine,Daegal,Shaine.Daegal@yopmail.com,Shaine.Daegal@gmail.com,police officer
745,Jenilee,Hourigan,Jenilee.Hourigan@yopmail.com,Jenilee.Hourigan@gmail.com,police officer
746,Lita,Tremayne,Lita.Tremayne@yopmail.com,Lita.Tremayne@gmail.com,doctor
747,Moyna,Donell,Moyna.Donell@yopmail.com,Moyna.Donell@gmail.com,worker
748,Frances,Raychel,Frances.Raychel@yopmail.com,Frances.Raychel@gmail.com,police officer
749,Rosanne,Cyrie,Rosanne.Cyrie@yopmail.com,Rosanne.Cyrie@gmail.com,police officer
750,Constance,Kronfeld,Constance.Kronfeld@yopmail.com,Constance.Kronfeld@gmail.com,doctor
751,Valera,Corabella,Valera.Corabella@yopmail.com,Valera.Corabella@gmail.com,developer
752,Lorenza,Dahlia,Lorenza.Dahlia@yopmail.com,Lorenza.Dahlia@gmail.com,police officer
753,Charissa,Carri,Charissa.Carri@yopmail.com,Charissa.Carri@gmail.com,doctor
754,Jacenta,Corabella,Jacenta.Corabella@yopmail.com,Jacenta.Corabella@gmail.com,worker
755,Babita,Grosz,Babita.Grosz@yopmail.com,Babita.Grosz@gmail.com,worker
756,Raina,Alabaster,Raina.Alabaster@yopmail.com,Raina.Alabaster@gmail.com,developer
757,Jessy,Killigrew,Jessy.Killigrew@yopmail.com,Jessy.Killigrew@gmail.com,firefighter
758,Maridel,Gherardo,Maridel.Gherardo@yopmail.com,Maridel.Gherardo@gmail.com,worker
759,Lily,Septima,Lily.Septima@yopmail.com,Lily.Septima@gmail.com,developer
760,Nataline,Louanna,Nataline.Louanna@yopmail.com,Nataline.Louanna@gmail.com,doctor
761,Kial,Plato,Kial.Plato@yopmail.com,Kial.Plato@gmail.com,firefighter
762,Allis,Tice,Allis.Tice@yopmail.com,Allis.Tice@gmail.com,worker
763,Delilah,Maurine,Delilah.Maurine@yopmail.com,Delilah.Maurine@gmail.com,doctor
764,Albertina,Sothena,Albertina.Sothena@yopmail.com,Albertina.Sothena@gmail.com,doctor
765,Tatiania,Afton,Tatiania.Afton@yopmail.com,Tatiania.Afton@gmail.com,worker
766,Dorothy,Arathorn,Dorothy.Arathorn@yopmail.com,Dorothy.Arathorn@gmail.com,police officer
767,Maurene,Georas,Maurene.Georas@yopmail.com,Maurene.Georas@gmail.com,firefighter
768,Sophia,Cassius,Sophia.Cassius@yopmail.com,Sophia.Cassius@gmail.com,doctor
769,Yetty,Payson,Yetty.Payson@yopmail.com,Yetty.Payson@gmail.com,police officer
770,Cam,Suzetta,Cam.Suzetta@yopmail.com,Cam.Suzetta@gmail.com,developer
771,Charlena,Harday,Charlena.Harday@yopmail.com,Charlena.Harday@gmail.com,developer
772,Candy,Gower,Candy.Gower@yopmail.com,Candy.Gower@gmail.com,worker
773,Lelah,Helfand,Lelah.Helfand@yopmail.com,Lelah.Helfand@gmail.com,developer
774,Zia,Bergman,Zia.Bergman@yopmail.com,Zia.Bergman@gmail.com,doctor
775,Laure,Rosette,Laure.Rosette@yopmail.com,Laure.Rosette@gmail.com,firefighter
776,Joelly,Deny,Joelly.Deny@yopmail.com,Joelly.Deny@gmail.com,worker
777,Mady,Truc,Mady.Truc@yopmail.com,Mady.Truc@gmail.com,firefighter
778,Susette,Christine,Susette.Christine@yopmail.com,Susette.Christine@gmail.com,worker
779,Rochette,Turne,Rochette.Turne@yopmail.com,Rochette.Turne@gmail.com,developer
780,Gratia,Goddard,Gratia.Goddard@yopmail.com,Gratia.Goddard@gmail.com,worker
781,Andeee,Raseda,Andeee.Raseda@yopmail.com,Andeee.Raseda@gmail.com,developer
782,Sam,Hunfredo,Sam.Hunfredo@yopmail.com,Sam.Hunfredo@gmail.com,worker
783,Cacilie,Fry,Cacilie.Fry@yopmail.com,Cacilie.Fry@gmail.com,doctor
784,Robbi,Carlson,Robbi.Carlson@yopmail.com,Robbi.Carlson@gmail.com,developer
785,Marti,Erich,Marti.Erich@yopmail.com,Marti.Erich@gmail.com,doctor
786,Lexine,Adrienne,Lexine.Adrienne@yopmail.com,Lexine.Adrienne@gmail.com,doctor
787,Rochette,Dowski,Rochette.Dowski@yopmail.com,Rochette.Dowski@gmail.com,firefighter
788,Bettine,Shirberg,Bettine.Shirberg@yopmail.com,Bettine.Shirberg@gmail.com,firefighter
789,Chastity,Abbot,Chastity.Abbot@yopmail.com,Chastity.Abbot@gmail.com,developer
790,Jenilee,Berl,Jenilee.Berl@yopmail.com,Jenilee.Berl@gmail.com,police officer
791,Rani,Niles,Rani.Niles@yopmail.com,Rani.Niles@gmail.com,firefighter
792,Alejandra,Horan,Alejandra.Horan@yopmail.com,Alejandra.Horan@gmail.com,police officer
793,Margalo,Goerke,Margalo.Goerke@yopmail.com,Margalo.Goerke@gmail.com,developer
794,Bobinette,Melan,Bobinette.Melan@yopmail.com,Bobinette.Melan@gmail.com,worker
795,Rozele,Caitlin,Rozele.Caitlin@yopmail.com,Rozele.Caitlin@gmail.com,firefighter
796,Zaria,Jerald,Zaria.Jerald@yopmail.com,Zaria.Jerald@gmail.com,worker
797,Gale,Beebe,Gale.Beebe@yopmail.com,Gale.Beebe@gmail.com,developer
798,Rubie,Hylan,Rubie.Hylan@yopmail.com,Rubie.Hylan@gmail.com,doctor
799,Kayla,Sibyls,Kayla.Sibyls@yopmail.com,Kayla.Sibyls@gmail.com,worker
800,Micheline,Danby,Micheline.Danby@yopmail.com,Micheline.Danby@gmail.com,firefighter
801,Kathi,Poppy,Kathi.Poppy@yopmail.com,Kathi.Poppy@gmail.com,worker
802,Ronna,Adamsen,Ronna.Adamsen@yopmail.com,Ronna.Adamsen@gmail.com,police officer
803,Ira,Bebe,Ira.Bebe@yopmail.com,Ira.Bebe@gmail.com,worker
804,Natka,Amasa,Natka.Amasa@yopmail.com,Natka.Amasa@gmail.com,developer
805,Dulcinea,Lumbard,Dulcinea.Lumbard@yopmail.com,Dulcinea.Lumbard@gmail.com,doctor
806,Janis,Randene,Janis.Randene@yopmail.com,Janis.Randene@gmail.com,doctor
807,Stacey,Rheingold,Stacey.Rheingold@yopmail.com,Stacey.Rheingold@gmail.com,firefighter
808,Priscilla,Tomasina,Priscilla.Tomasina@yopmail.com,Priscilla.Tomasina@gmail.com,worker
809,Ernesta,Linehan,Ernesta.Linehan@yopmail.com,Ernesta.Linehan@gmail.com,doctor
810,Lelah,Bearnard,Lelah.Bearnard@yopmail.com,Lelah.Bearnard@gmail.com,firefighter
811,Dorice,Brady,Dorice.Brady@yopmail.com,Dorice.Brady@gmail.com,doctor
812,Fina,Kosey,Fina.Kosey@yopmail.com,Fina.Kosey@gmail.com,firefighter
813,Justinn,O'Neill,Justinn.O'Neill@yopmail.com,Justinn.O'Neill@gmail.com,firefighter
814,Dennie,Wadell,Dennie.Wadell@yopmail.com,Dennie.Wadell@gmail.com,worker
815,Robinia,Lymann,Robinia.Lymann@yopmail.com,Robinia.Lymann@gmail.com,worker
816,Sibella,Faro,Sibella.Faro@yopmail.com,Sibella.Faro@gmail.com,developer
817,Dede,Claudine,Dede.Claudine@yopmail.com,Dede.Claudine@gmail.com,doctor
818,Oralee,Christal,Oralee.Christal@yopmail.com,Oralee.Christal@gmail.com,worker
819,Leia,Astra,Leia.Astra@yopmail.com,Leia.Astra@gmail.com,firefighter
820,Frances,Lumbard,Frances.Lumbard@yopmail.com,Frances.Lumbard@gmail.com,worker
821,Wanda,Georas,Wanda.Georas@yopmail.com,Wanda.Georas@gmail.com,firefighter
822,Lynnea,Fulmer,Lynnea.Fulmer@yopmail.com,Lynnea.Fulmer@gmail.com,firefighter
823,Andree,Luhe,Andree.Luhe@yopmail.com,Andree.Luhe@gmail.com,police officer
824,Krystle,Garek,Krystle.Garek@yopmail.com,Krystle.Garek@gmail.com,developer
825,Beverley,Olnee,Beverley.Olnee@yopmail.com,Beverley.Olnee@gmail.com,doctor
826,Julieta,Skurnik,Julieta.Skurnik@yopmail.com,Julieta.Skurnik@gmail.com,doctor
827,Winifred,Sothena,Winifred.Sothena@yopmail.com,Winifred.Sothena@gmail.com,worker
828,Beth,Sawtelle,Beth.Sawtelle@yopmail.com,Beth.Sawtelle@gmail.com,developer
829,Albertina,Hebner,Albertina.Hebner@yopmail.com,Albertina.Hebner@gmail.com,police officer
830,Aurore,Esmaria,Aurore.Esmaria@yopmail.com,Aurore.Esmaria@gmail.com,firefighter
831,Julieta,Leffen,Julieta.Leffen@yopmail.com,Julieta.Leffen@gmail.com,police officer
832,Clementine,Bluh,Clementine.Bluh@yopmail.com,Clementine.Bluh@gmail.com,doctor
833,Raina,Keelia,Raina.Keelia@yopmail.com,Raina.Keelia@gmail.com,police officer
834,Lizzie,Catie,Lizzie.Catie@yopmail.com,Lizzie.Catie@gmail.com,worker
835,Libbie,Concha,Libbie.Concha@yopmail.com,Libbie.Concha@gmail.com,developer
836,Caryl,Redmond,Caryl.Redmond@yopmail.com,Caryl.Redmond@gmail.com,firefighter
837,Nerta,Bonilla,Nerta.Bonilla@yopmail.com,Nerta.Bonilla@gmail.com,firefighter
838,Chloris,Georgy,Chloris.Georgy@yopmail.com,Chloris.Georgy@gmail.com,developer
839,Lacie,Bach,Lacie.Bach@yopmail.com,Lacie.Bach@gmail.com,developer
840,Janey,Teddman,Janey.Teddman@yopmail.com,Janey.Teddman@gmail.com,worker
841,Oona,Tiffa,Oona.Tiffa@yopmail.com,Oona.Tiffa@gmail.com,worker
842,Perry,Silvan,Perry.Silvan@yopmail.com,Perry.Silvan@gmail.com,firefighter
843,Agnese,Chinua,Agnese.Chinua@yopmail.com,Agnese.Chinua@gmail.com,doctor
844,Maurene,Hillel,Maurene.Hillel@yopmail.com,Maurene.Hillel@gmail.com,firefighter
845,Kimmy,Desai,Kimmy.Desai@yopmail.com,Kimmy.Desai@gmail.com,police officer
846,Maud,Aaberg,Maud.Aaberg@yopmail.com,Maud.Aaberg@gmail.com,developer
847,Audrie,Aldric,Audrie.Aldric@yopmail.com,Audrie.Aldric@gmail.com,developer
848,Eolanda,Emmy,Eolanda.Emmy@yopmail.com,Eolanda.Emmy@gmail.com,worker
849,Lila,Kussell,Lila.Kussell@yopmail.com,Lila.Kussell@gmail.com,developer
850,Shel,Vharat,Shel.Vharat@yopmail.com,Shel.Vharat@gmail.com,firefighter
851,Ermengarde,Mandler,Ermengarde.Mandler@yopmail.com,Ermengarde.Mandler@gmail.com,doctor
852,Dorice,August,Dorice.August@yopmail.com,Dorice.August@gmail.com,police officer
853,Marcelline,Voletta,Marcelline.Voletta@yopmail.com,Marcelline.Voletta@gmail.com,firefighter
854,Jere,Montgomery,Jere.Montgomery@yopmail.com,Jere.Montgomery@gmail.com,police officer
855,Johna,Brian,Johna.Brian@yopmail.com,Johna.Brian@gmail.com,doctor
856,Zondra,Gualtiero,Zondra.Gualtiero@yopmail.com,Zondra.Gualtiero@gmail.com,doctor
857,Codie,Allina,Codie.Allina@yopmail.com,Codie.Allina@gmail.com,police officer
858,Correy,Gordon,Correy.Gordon@yopmail.com,Correy.Gordon@gmail.com,worker
859,Blondelle,Hanleigh,Blondelle.Hanleigh@yopmail.com,Blondelle.Hanleigh@gmail.com,firefighter
860,Elka,Rese,Elka.Rese@yopmail.com,Elka.Rese@gmail.com,firefighter
861,Brandise,Anton,Brandise.Anton@yopmail.com,Brandise.Anton@gmail.com,doctor
862,Inga,Daveta,Inga.Daveta@yopmail.com,Inga.Daveta@gmail.com,police officer
863,Tori,Stephie,Tori.Stephie@yopmail.com,Tori.Stephie@gmail.com,doctor
864,Angela,Adalbert,Angela.Adalbert@yopmail.com,Angela.Adalbert@gmail.com,worker
865,Philis,Santoro,Philis.Santoro@yopmail.com,Philis.Santoro@gmail.com,doctor
866,Gabriellia,Dielu,Gabriellia.Dielu@yopmail.com,Gabriellia.Dielu@gmail.com,worker
867,Sean,Marden,Sean.Marden@yopmail.com,Sean.Marden@gmail.com,developer
868,Inga,Elvyn,Inga.Elvyn@yopmail.com,Inga.Elvyn@gmail.com,police officer
869,Orelia,Greyson,Orelia.Greyson@yopmail.com,Orelia.Greyson@gmail.com,doctor
870,Catharine,Florina,Catharine.Florina@yopmail.com,Catharine.Florina@gmail.com,doctor
871,Chastity,Arvo,Chastity.Arvo@yopmail.com,Chastity.Arvo@gmail.com,developer
872,Celene,Allare,Celene.Allare@yopmail.com,Celene.Allare@gmail.com,developer
873,Latisha,Angelis,Latisha.Angelis@yopmail.com,Latisha.Angelis@gmail.com,police officer
874,Emilia,Wildermuth,Emilia.Wildermuth@yopmail.com,Emilia.Wildermuth@gmail.com,doctor
875,Vita,Ortrude,Vita.Ortrude@yopmail.com,Vita.Ortrude@gmail.com,worker
876,Ashlee,Marlie,Ashlee.Marlie@yopmail.com,Ashlee.Marlie@gmail.com,firefighter
877,Chrystel,Thema,Chrystel.Thema@yopmail.com,Chrystel.Thema@gmail.com,developer
878,Adore,Rona,Adore.Rona@yopmail.com,Adore.Rona@gmail.com,police officer
879,Annecorinne,Sheedy,Annecorinne.Sheedy@yopmail.com,Annecorinne.Sheedy@gmail.com,firefighter
880,Pollyanna,Liebermann,Pollyanna.Liebermann@yopmail.com,Pollyanna.Liebermann@gmail.com,developer
881,Gui,Liva,Gui.Liva@yopmail.com,Gui.Liva@gmail.com,doctor
882,Millie,Iiette,Millie.Iiette@yopmail.com,Millie.Iiette@gmail.com,doctor
883,Clary,Korey,Clary.Korey@yopmail.com,Clary.Korey@gmail.com,developer
884,Myriam,Campball,Myriam.Campball@yopmail.com,Myriam.Campball@gmail.com,firefighter
885,Aimil,Lowry,Aimil.Lowry@yopmail.com,Aimil.Lowry@gmail.com,doctor
886,Lonnie,Craggie,Lonnie.Craggie@yopmail.com,Lonnie.Craggie@gmail.com,worker
887,Perry,Secrest,Perry.Secrest@yopmail.com,Perry.Secrest@gmail.com,doctor
888,Britni,Codding,Britni.Codding@yopmail.com,Britni.Codding@gmail.com,worker
889,Rosabelle,Pierette,Rosabelle.Pierette@yopmail.com,Rosabelle.Pierette@gmail.com,developer
890,Winifred,Ietta,Winifred.Ietta@yopmail.com,Winifred.Ietta@gmail.com,police officer
891,Ivett,Vanni,Ivett.Vanni@yopmail.com,Ivett.Vanni@gmail.com,doctor
892,Melina,Bennie,Melina.Bennie@yopmail.com,Melina.Bennie@gmail.com,developer
893,Hildegaard,Lasley,Hildegaard.Lasley@yopmail.com,Hildegaard.Lasley@gmail.com,doctor
894,Kristan,Revkah,Kristan.Revkah@yopmail.com,Kristan.Revkah@gmail.com,police officer
895,Katuscha,Cutlerr,Katuscha.Cutlerr@yopmail.com,Katuscha.Cutlerr@gmail.com,doctor
896,Robinia,Cristi,Robinia.Cristi@yopmail.com,Robinia.Cristi@gmail.com,doctor
897,Henriette,Anton,Henriette.Anton@yopmail.com,Henriette.Anton@gmail.com,firefighter
898,Dania,Ashely,Dania.Ashely@yopmail.com,Dania.Ashely@gmail.com,worker
899,Brooks,Schonfeld,Brooks.Schonfeld@yopmail.com,Brooks.Schonfeld@gmail.com,doctor
900,Grier,Cookie,Grier.Cookie@yopmail.com,Grier.Cookie@gmail.com,doctor
901,Britni,Sundin,Britni.Sundin@yopmail.com,Britni.Sundin@gmail.com,police officer
902,Kristina,Weide,Kristina.Weide@yopmail.com,Kristina.Weide@gmail.com,developer
903,Minne,Meli,Minne.Meli@yopmail.com,Minne.Meli@gmail.com,doctor
904,Goldie,Milde,Goldie.Milde@yopmail.com,Goldie.Milde@gmail.com,doctor
905,Meriel,Alice,Meriel.Alice@yopmail.com,Meriel.Alice@gmail.com,doctor
906,Mady,Georas,Mady.Georas@yopmail.com,Mady.Georas@gmail.com,developer
907,Veda,Aloise,Veda.Aloise@yopmail.com,Veda.Aloise@gmail.com,police officer
908,Frieda,Deny,Frieda.Deny@yopmail.com,Frieda.Deny@gmail.com,police officer
909,Candy,Bergman,Candy.Bergman@yopmail.com,Candy.Bergman@gmail.com,doctor
910,Meg,Ambrosia,Meg.Ambrosia@yopmail.com,Meg.Ambrosia@gmail.com,doctor
911,Catrina,Fadiman,Catrina.Fadiman@yopmail.com,Catrina.Fadiman@gmail.com,doctor
912,Evaleen,Quinn,Evaleen.Quinn@yopmail.com,Evaleen.Quinn@gmail.com,worker
913,Averyl,Corrine,Averyl.Corrine@yopmail.com,Averyl.Corrine@gmail.com,doctor
914,Blake,Stoller,Blake.Stoller@yopmail.com,Blake.Stoller@gmail.com,firefighter
915,Sonni,Donoghue,Sonni.Donoghue@yopmail.com,Sonni.Donoghue@gmail.com,worker
916,Aimil,Vharat,Aimil.Vharat@yopmail.com,Aimil.Vharat@gmail.com,doctor
917,Dorene,Smitt,Dorene.Smitt@yopmail.com,Dorene.Smitt@gmail.com,developer
918,Hayley,Sholley,Hayley.Sholley@yopmail.com,Hayley.Sholley@gmail.com,worker
919,Ninnetta,Carey,Ninnetta.Carey@yopmail.com,Ninnetta.Carey@gmail.com,police officer
920,Marinna,Carri,Marinna.Carri@yopmail.com,Marinna.Carri@gmail.com,doctor
921,Flo,Afton,Flo.Afton@yopmail.com,Flo.Afton@gmail.com,firefighter
922,Latisha,Kosey,Latisha.Kosey@yopmail.com,Latisha.Kosey@gmail.com,police officer
923,Korrie,Faro,Korrie.Faro@yopmail.com,Korrie.Faro@gmail.com,firefighter
924,Shell,Juan,Shell.Juan@yopmail.com,Shell.Juan@gmail.com,worker
925,Winny,Ulphia,Winny.Ulphia@yopmail.com,Winny.Ulphia@gmail.com,worker
926,Catrina,Magdalen,Catrina.Magdalen@yopmail.com,Catrina.Magdalen@gmail.com,developer
927,Lynnea,Sholley,Lynnea.Sholley@yopmail.com,Lynnea.Sholley@gmail.com,firefighter
928,Lesly,Irmine,Lesly.Irmine@yopmail.com,Lesly.Irmine@gmail.com,doctor
929,Alyda,Chauncey,Alyda.Chauncey@yopmail.com,Alyda.Chauncey@gmail.com,police officer
930,Iseabal,Sholley,Iseabal.Sholley@yopmail.com,Iseabal.Sholley@gmail.com,police officer
931,Tracey,Amasa,Tracey.Amasa@yopmail.com,Tracey.Amasa@gmail.com,developer
932,Antonietta,Konyn,Antonietta.Konyn@yopmail.com,Antonietta.Konyn@gmail.com,police officer
933,Georgetta,Ivens,Georgetta.Ivens@yopmail.com,Georgetta.Ivens@gmail.com,developer
934,Marcy,Marisa,Marcy.Marisa@yopmail.com,Marcy.Marisa@gmail.com,worker
935,Leanna,Hoenack,Leanna.Hoenack@yopmail.com,Leanna.Hoenack@gmail.com,firefighter
936,Leona,Leler,Leona.Leler@yopmail.com,Leona.Leler@gmail.com,police officer
937,Chere,Vary,Chere.Vary@yopmail.com,Chere.Vary@gmail.com,developer
938,Kary,Seumas,Kary.Seumas@yopmail.com,Kary.Seumas@gmail.com,developer
939,Vere,Bertold,Vere.Bertold@yopmail.com,Vere.Bertold@gmail.com,doctor
940,Bobbi,Constancy,Bobbi.Constancy@yopmail.com,Bobbi.Constancy@gmail.com,developer
941,Tracey,Kenney,Tracey.Kenney@yopmail.com,Tracey.Kenney@gmail.com,firefighter
942,Hermione,Rillings,Hermione.Rillings@yopmail.com,Hermione.Rillings@gmail.com,firefighter
943,Ericka,Hedve,Ericka.Hedve@yopmail.com,Ericka.Hedve@gmail.com,police officer
944,Sophia,Jehu,Sophia.Jehu@yopmail.com,Sophia.Jehu@gmail.com,firefighter
945,Jeanna,Amasa,Jeanna.Amasa@yopmail.com,Jeanna.Amasa@gmail.com,doctor
946,Darci,Daveta,Darci.Daveta@yopmail.com,Darci.Daveta@gmail.com,police officer
947,Zsa Zsa,Ardra,Zsa Zsa.Ardra@yopmail.com,Zsa Zsa.Ardra@gmail.com,police officer
948,Carmencita,Libna,Carmencita.Libna@yopmail.com,Carmencita.Libna@gmail.com,police officer
949,Gerrie,Koehler,Gerrie.Koehler@yopmail.com,Gerrie.Koehler@gmail.com,police officer
950,Madalyn,Jobi,Madalyn.Jobi@yopmail.com,Madalyn.Jobi@gmail.com,police officer
951,Basia,Hanleigh,Basia.Hanleigh@yopmail.com,Basia.Hanleigh@gmail.com,firefighter
952,Konstance,Rhu,Konstance.Rhu@yopmail.com,Konstance.Rhu@gmail.com,developer
953,Larine,Burch,Larine.Burch@yopmail.com,Larine.Burch@gmail.com,police officer
954,Oona,Dannye,Oona.Dannye@yopmail.com,Oona.Dannye@gmail.com,doctor
955,Marsiella,Madaih,Marsiella.Madaih@yopmail.com,Marsiella.Madaih@gmail.com,firefighter
956,Hope,Emerson,Hope.Emerson@yopmail.com,Hope.Emerson@gmail.com,worker
957,Dorothy,Goddard,Dorothy.Goddard@yopmail.com,Dorothy.Goddard@gmail.com,firefighter
958,Genevra,Killigrew,Genevra.Killigrew@yopmail.com,Genevra.Killigrew@gmail.com,developer
959,Annecorinne,Decato,Annecorinne.Decato@yopmail.com,Annecorinne.Decato@gmail.com,firefighter
960,Vere,Pettiford,Vere.Pettiford@yopmail.com,Vere.Pettiford@gmail.com,firefighter
961,Adore,Manolo,Adore.Manolo@yopmail.com,Adore.Manolo@gmail.com,firefighter
962,Marcy,Lindemann,Marcy.Lindemann@yopmail.com,Marcy.Lindemann@gmail.com,firefighter
963,Melina,Morgun,Melina.Morgun@yopmail.com,Melina.Morgun@gmail.com,police officer
964,Henriette,Kaete,Henriette.Kaete@yopmail.com,Henriette.Kaete@gmail.com,worker
965,Misha,Kimmie,Misha.Kimmie@yopmail.com,Misha.Kimmie@gmail.com,firefighter
966,Tracey,Schlosser,Tracey.Schlosser@yopmail.com,Tracey.Schlosser@gmail.com,developer
967,Aurore,Malina,Aurore.Malina@yopmail.com,Aurore.Malina@gmail.com,firefighter
968,Shauna,Japeth,Shauna.Japeth@yopmail.com,Shauna.Japeth@gmail.com,developer
969,Tracey,Clarissa,Tracey.Clarissa@yopmail.com,Tracey.Clarissa@gmail.com,doctor
970,Aeriela,Lynn,Aeriela.Lynn@yopmail.com,Aeriela.Lynn@gmail.com,worker
971,Bertine,Pond,Bertine.Pond@yopmail.com,Bertine.Pond@gmail.com,worker
972,Minne,Elsinore,Minne.Elsinore@yopmail.com,Minne.Elsinore@gmail.com,doctor
973,Kathi,Llovera,Kathi.Llovera@yopmail.com,Kathi.Llovera@gmail.com,developer
974,Mildrid,Tound,Mildrid.Tound@yopmail.com,Mildrid.Tound@gmail.com,developer
975,Jorry,Sundin,Jorry.Sundin@yopmail.com,Jorry.Sundin@gmail.com,worker
976,Kittie,Breed,Kittie.Breed@yopmail.com,Kittie.Breed@gmail.com,police officer
977,Gratia,Mauer,Gratia.Mauer@yopmail.com,Gratia.Mauer@gmail.com,firefighter
978,Britte,Junie,Britte.Junie@yopmail.com,Britte.Junie@gmail.com,developer
979,Dacia,Revkah,Dacia.Revkah@yopmail.com,Dacia.Revkah@gmail.com,developer
980,Mamie,Rebecka,Mamie.Rebecka@yopmail.com,Mamie.Rebecka@gmail.com,firefighter
981,Jeanna,Riva,Jeanna.Riva@yopmail.com,Jeanna.Riva@gmail.com,police officer
982,Rozele,Weitman,Rozele.Weitman@yopmail.com,Rozele.Weitman@gmail.com,firefighter
983,Raquela,Ardra,Raquela.Ardra@yopmail.com,Raquela.Ardra@gmail.com,police officer
984,Lanna,McCutcheon,Lanna.McCutcheon@yopmail.com,Lanna.McCutcheon@gmail.com,police officer
985,Willetta,Maisey,Willetta.Maisey@yopmail.com,Willetta.Maisey@gmail.com,police officer
986,Corina,Gregrory,Corina.Gregrory@yopmail.com,Corina.Gregrory@gmail.com,worker
987,Rebeca,Bakerman,Rebeca.Bakerman@yopmail.com,Rebeca.Bakerman@gmail.com,doctor
988,Felice,Japeth,Felice.Japeth@yopmail.com,Felice.Japeth@gmail.com,doctor
989,Teriann,Presber,Teriann.Presber@yopmail.com,Teriann.Presber@gmail.com,doctor
990,Nataline,Flita,Nataline.Flita@yopmail.com,Nataline.Flita@gmail.com,worker
991,Elmira,Engdahl,Elmira.Engdahl@yopmail.com,Elmira.Engdahl@gmail.com,doctor
992,Romona,Deegan,Romona.Deegan@yopmail.com,Romona.Deegan@gmail.com,firefighter
993,Wileen,Bearnard,Wileen.Bearnard@yopmail.com,Wileen.Bearnard@gmail.com,worker
994,Kamilah,Uund,Kamilah.Uund@yopmail.com,Kamilah.Uund@gmail.com,doctor
995,Juliane,Gherardo,Juliane.Gherardo@yopmail.com,Juliane.Gherardo@gmail.com,worker
996,Mariann,Odysseus,Mariann.Odysseus@yopmail.com,Mariann.Odysseus@gmail.com,police officer
997,Margarette,Billye,Margarette.Billye@yopmail.com,Margarette.Billye@gmail.com,police officer
998,Jere,Garlinda,Jere.Garlinda@yopmail.com,Jere.Garlinda@gmail.com,worker
999,Gaylene,Cleo,Gaylene.Cleo@yopmail.com,Gaylene.Cleo@gmail.com,police officer
1000,Tracey,Demitria,Tracey.Demitria@yopmail.com,Tracey.Demitria@gmail.com,worker
1001,Josephine,Tremayne,Josephine.Tremayne@yopmail.com,Josephine.Tremayne@gmail.com,developer
1002,Raf,Evvie,Raf.Evvie@yopmail.com,Raf.Evvie@gmail.com,firefighter
1003,Roseline,Travax,Roseline.Travax@yopmail.com,Roseline.Travax@gmail.com,developer
1004,Kirstin,Ioab,Kirstin.Ioab@yopmail.com,Kirstin.Ioab@gmail.com,worker
1005,Nessie,Haymes,Nessie.Haymes@yopmail.com,Nessie.Haymes@gmail.com,police officer
1006,Codie,Durware,Codie.Durware@yopmail.com,Codie.Durware@gmail.com,doctor
1007,Beth,Grayce,Beth.Grayce@yopmail.com,Beth.Grayce@gmail.com,doctor
1008,Florencia,Meter,Florencia.Meter@yopmail.com,Florencia.Meter@gmail.com,firefighter
1009,Gale,Wandie,Gale.Wandie@yopmail.com,Gale.Wandie@gmail.com,doctor
1010,Roz,Old,Roz.Old@yopmail.com,Roz.Old@gmail.com,worker
1011,Fawne,Imelida,Fawne.Imelida@yopmail.com,Fawne.Imelida@gmail.com,police officer
1012,Patricia,Loeb,Patricia.Loeb@yopmail.com,Patricia.Loeb@gmail.com,developer
1013,Atlanta,Rustice,Atlanta.Rustice@yopmail.com,Atlanta.Rustice@gmail.com,firefighter
1014,Edee,Israeli,Edee.Israeli@yopmail.com,Edee.Israeli@gmail.com,police officer
1015,Agathe,Kiersten,Agathe.Kiersten@yopmail.com,Agathe.Kiersten@gmail.com,developer
1016,Kary,Berl,Kary.Berl@yopmail.com,Kary.Berl@gmail.com,developer
1017,Hermione,Brittani,Hermione.Brittani@yopmail.com,Hermione.Brittani@gmail.com,firefighter
1018,Magdalena,Mintz,Magdalena.Mintz@yopmail.com,Magdalena.Mintz@gmail.com,doctor
1019,Yetty,Gusella,Yetty.Gusella@yopmail.com,Yetty.Gusella@gmail.com,worker
1020,Aimil,Rosemary,Aimil.Rosemary@yopmail.com,Aimil.Rosemary@gmail.com,worker
1021,Kittie,Holbrook,Kittie.Holbrook@yopmail.com,Kittie.Holbrook@gmail.com,worker
1022,Helena,Uund,Helena.Uund@yopmail.com,Helena.Uund@gmail.com,worker
1023,Rosaline,Alarise,Rosaline.Alarise@yopmail.com,Rosaline.Alarise@gmail.com,worker
1024,Mariele,Bartlett,Mariele.Bartlett@yopmail.com,Mariele.Bartlett@gmail.com,developer
1025,Dania,Faust,Dania.Faust@yopmail.com,Dania.Faust@gmail.com,firefighter
1026,Jerry,Middleton,Jerry.Middleton@yopmail.com,Jerry.Middleton@gmail.com,doctor
1027,Aili,Screens,Aili.Screens@yopmail.com,Aili.Screens@gmail.com,police officer
1028,Annice,Vale,Annice.Vale@yopmail.com,Annice.Vale@gmail.com,worker
1029,Tatiania,Fax,Tatiania.Fax@yopmail.com,Tatiania.Fax@gmail.com,firefighter
1030,Sam,Shirberg,Sam.Shirberg@yopmail.com,Sam.Shirberg@gmail.com,worker
1031,Ann-Marie,Erskine,Ann-Marie.Erskine@yopmail.com,Ann-Marie.Erskine@gmail.com,police officer
1032,Zia,Taima,Zia.Taima@yopmail.com,Zia.Taima@gmail.com,developer
1033,Henriette,Geffner,Henriette.Geffner@yopmail.com,Henriette.Geffner@gmail.com,police officer
1034,Sonni,Blase,Sonni.Blase@yopmail.com,Sonni.Blase@gmail.com,firefighter
1035,Jerry,Sundin,Jerry.Sundin@yopmail.com,Jerry.Sundin@gmail.com,developer
1036,Dania,Brandice,Dania.Brandice@yopmail.com,Dania.Brandice@gmail.com,firefighter
1037,Donetta,Meli,Donetta.Meli@yopmail.com,Donetta.Meli@gmail.com,developer
1038,Alyda,Ogren,Alyda.Ogren@yopmail.com,Alyda.Ogren@gmail.com,doctor
1039,Ronna,Edee,Ronna.Edee@yopmail.com,Ronna.Edee@gmail.com,doctor
1040,Robinia,Olin,Robinia.Olin@yopmail.com,Robinia.Olin@gmail.com,doctor
1041,Olwen,Phaidra,Olwen.Phaidra@yopmail.com,Olwen.Phaidra@gmail.com,police officer
1042,Beatriz,Granoff,Beatriz.Granoff@yopmail.com,Beatriz.Granoff@gmail.com,firefighter
1043,Iseabal,Diann,Iseabal.Diann@yopmail.com,Iseabal.Diann@gmail.com,developer
1044,Briney,Bethany,Briney.Bethany@yopmail.com,Briney.Bethany@gmail.com,firefighter
1045,Daune,Hepsibah,Daune.Hepsibah@yopmail.com,Daune.Hepsibah@gmail.com,doctor
1046,Verla,Fairweather,Verla.Fairweather@yopmail.com,Verla.Fairweather@gmail.com,police officer
1047,Romona,Orlene,Romona.Orlene@yopmail.com,Romona.Orlene@gmail.com,developer
1048,Philis,Munn,Philis.Munn@yopmail.com,Philis.Munn@gmail.com,police officer
1049,Aili,Cookie,Aili.Cookie@yopmail.com,Aili.Cookie@gmail.com,developer
1050,Mara,Ax,Mara.Ax@yopmail.com,Mara.Ax@gmail.com,developer
1051,Debee,Ball,Debee.Ball@yopmail.com,Debee.Ball@gmail.com,doctor
1052,Starla,Konyn,Starla.Konyn@yopmail.com,Starla.Konyn@gmail.com,police officer
1053,Bettine,Elvyn,Bettine.Elvyn@yopmail.com,Bettine.Elvyn@gmail.com,worker
1054,Neila,Longfellow,Neila.Longfellow@yopmail.com,Neila.Longfellow@gmail.com,developer
1055,Jacquetta,Byrne,Jacquetta.Byrne@yopmail.com,Jacquetta.Byrne@gmail.com,worker
1056,Christian,Jerold,Christian.Jerold@yopmail.com,Christian.Jerold@gmail.com,worker
1057,Fina,Marisa,Fina.Marisa@yopmail.com,Fina.Marisa@gmail.com,firefighter
1058,Ketti,Bivins,Ketti.Bivins@yopmail.com,Ketti.Bivins@gmail.com,developer
1059,Sonni,Fredi,Sonni.Fredi@yopmail.com,Sonni.Fredi@gmail.com,developer
1060,Ebonee,Grayce,Ebonee.Grayce@yopmail.com,Ebonee.Grayce@gmail.com,doctor
1061,Carly,Alisia,Carly.Alisia@yopmail.com,Carly.Alisia@gmail.com,doctor
1062,Tori,Gamaliel,Tori.Gamaliel@yopmail.com,Tori.Gamaliel@gmail.com,doctor
1063,Mureil,Cleo,Mureil.Cleo@yopmail.com,Mureil.Cleo@gmail.com,police officer
1064,Feliza,Raul,Feliza.Raul@yopmail.com,Feliza.Raul@gmail.com,police officer
1065,Rani,Old,Rani.Old@yopmail.com,Rani.Old@gmail.com,developer
1066,Deirdre,Auberbach,Deirdre.Auberbach@yopmail.com,Deirdre.Auberbach@gmail.com,developer
1067,Jacquetta,Boehike,Jacquetta.Boehike@yopmail.com,Jacquetta.Boehike@gmail.com,doctor
1068,Paulita,Jaylene,Paulita.Jaylene@yopmail.com,Paulita.Jaylene@gmail.com,police officer
1069,Lyssa,Nester,Lyssa.Nester@yopmail.com,Lyssa.Nester@gmail.com,doctor
1070,Lyssa,Wildermuth,Lyssa.Wildermuth@yopmail.com,Lyssa.Wildermuth@gmail.com,developer
1071,Max,Nadia,Max.Nadia@yopmail.com,Max.Nadia@gmail.com,police officer
1072,Oona,Vastah,Oona.Vastah@yopmail.com,Oona.Vastah@gmail.com,firefighter
1073,Michaelina,Heisel,Michaelina.Heisel@yopmail.com,Michaelina.Heisel@gmail.com,worker
1074,Yolane,Monk,Yolane.Monk@yopmail.com,Yolane.Monk@gmail.com,doctor
1075,Elyssa,Alice,Elyssa.Alice@yopmail.com,Elyssa.Alice@gmail.com,firefighter
1076,Daphne,Lytton,Daphne.Lytton@yopmail.com,Daphne.Lytton@gmail.com,firefighter
1077,Brianna,Lilybelle,Brianna.Lilybelle@yopmail.com,Brianna.Lilybelle@gmail.com,worker
1078,Blinni,Bury,Blinni.Bury@yopmail.com,Blinni.Bury@gmail.com,doctor
1079,Andree,Cullin,Andree.Cullin@yopmail.com,Andree.Cullin@gmail.com,doctor
1080,Amelia,Hieronymus,Amelia.Hieronymus@yopmail.com,Amelia.Hieronymus@gmail.com,doctor
1081,Carmencita,Arathorn,Carmencita.Arathorn@yopmail.com,Carmencita.Arathorn@gmail.com,firefighter
1082,Priscilla,Friede,Priscilla.Friede@yopmail.com,Priscilla.Friede@gmail.com,firefighter
1083,Lorenza,Pond,Lorenza.Pond@yopmail.com,Lorenza.Pond@gmail.com,developer
1084,Sheelagh,Lucienne,Sheelagh.Lucienne@yopmail.com,Sheelagh.Lucienne@gmail.com,doctor
1085,Vere,Lenny,Vere.Lenny@yopmail.com,Vere.Lenny@gmail.com,doctor
1086,Estell,Cressida,Estell.Cressida@yopmail.com,Estell.Cressida@gmail.com,firefighter
1087,Brena,Boycey,Brena.Boycey@yopmail.com,Brena.Boycey@gmail.com,worker
1088,Fred,Ardra,Fred.Ardra@yopmail.com,Fred.Ardra@gmail.com,developer
1089,Jan,Wildermuth,Jan.Wildermuth@yopmail.com,Jan.Wildermuth@gmail.com,worker
1090,Regina,Cynar,Regina.Cynar@yopmail.com,Regina.Cynar@gmail.com,worker
1091,Zondra,Lumbard,Zondra.Lumbard@yopmail.com,Zondra.Lumbard@gmail.com,developer
1092,Adelle,Blake,Adelle.Blake@yopmail.com,Adelle.Blake@gmail.com,firefighter
1093,Diena,Urania,Diena.Urania@yopmail.com,Diena.Urania@gmail.com,police officer
1094,Meghann,Sammons,Meghann.Sammons@yopmail.com,Meghann.Sammons@gmail.com,worker
1095,Abbie,Zuzana,Abbie.Zuzana@yopmail.com,Abbie.Zuzana@gmail.com,firefighter
1096,Elbertina,Faso,Elbertina.Faso@yopmail.com,Elbertina.Faso@gmail.com,firefighter
1097,Johna,Niles,Johna.Niles@yopmail.com,Johna.Niles@gmail.com,firefighter
1098,Micheline,Dash,Micheline.Dash@yopmail.com,Micheline.Dash@gmail.com,police officer
1099,Emelina,Podvin,Emelina.Podvin@yopmail.com,Emelina.Podvin@gmail.com,police officer